AsOfDate,ItemNo,LoactionCode,LocationName,GeneralPassport,HajjPassport,DiplomaticPassport,OfficialPassport,EmergencyPassport,EmergencyTravelDocuments
31/5/2564,1,BKK-001,กรมการกงสุล,4343,0,10,3,0,0
31/5/2564,2,BKK-002,ศูนย์ราชการเฉลิมพระเกียรติ 80 พรรษา,15,0,39,176,0,0
31/5/2564,3,THA-004,MRT คลองเตย,1055,0,0,0,0,0
31/5/2564,4,BKK-005,ศรีนครินทร์,3039,1,1,9,0,0
31/5/2564,5,BKK-006,สายใต้ใหม่ - ตลิ่งชัน,1823,1,1,14,0,0
31/5/2564,6,BKK-007,ปทุมวัน,2133,2,5,3,0,0
31/5/2564,7,THA-009,บางใหญ่,670,0,1,0,0,0
31/5/2564,8,THA-010,เชียงราย,606,0,0,1,0,0
31/5/2564,9,THA-011,เชียงใหม่,1315,0,0,0,0,0
31/5/2564,10,THA-012,พิษณุโลก,564,0,0,1,0,0
31/5/2564,11,THA-013,นครสวรรค์,323,0,0,0,0,0
31/5/2564,12,THA-014,อุดรธานี,1505,2,0,2,0,0
31/5/2564,13,THA-015,ขอนแก่น,1129,0,0,0,0,0
31/5/2564,14,THA-016,นครราชสีมา,1007,0,0,0,0,0
31/5/2564,15,THA-017,อุบลราชธานี,777,0,0,1,0,0
31/5/2564,16,THA-018,บุรีรัมย์,257,0,0,0,0,0
31/5/2564,17,THA-019,หนองคาย,191,0,0,0,0,0
31/5/2564,18,THA-020,จันทบุรี,460,0,0,1,0,0
31/5/2564,19,THA-021,เมืองพัทยา,1719,0,0,3,0,0
31/5/2564,20,THA-022,เพชรบุรี,212,0,0,0,0,0
31/5/2564,21,THA-023,นครศรีธรรมราช,111,0,1,0,0,0
31/5/2564,22,THA-024,สุราษฎร์ธานี,188,0,0,0,0,0
31/5/2564,23,THA-025,สงขลา,474,0,1,1,0,0
31/5/2564,24,THA-026,ภูเก็ต,469,0,0,0,0,0
31/5/2564,25,THA-027,ยะลา,258,0,0,0,0,0
31/5/2564,26,MOB-096,สัญจร2,0,0,1,0,0,0
31/5/2564,27,EMB-501,ย่างกุ้ง,16,0,0,0,0,0
31/5/2564,28,EMB-502,เวียงจันทน์,2,0,0,0,0,1
31/5/2564,29,EMB-503,สะหวันนะเขต,7,0,0,0,0,0
31/5/2564,30,EMB-504,พนมเปญ,32,0,0,0,0,72
31/5/2564,31,EMB-505,ฮานอย,10,0,0,0,0,0
31/5/2564,32,EMB-506,โฮจิมินห์,30,0,0,0,0,0
31/5/2564,33,EMB-507,กัวลาลัมเปอร์,283,0,0,0,0,89
31/5/2564,34,EMB-508,ปีนัง,186,0,0,0,0,67
31/5/2564,35,EMB-509,โกตาบารู,74,0,1,0,0,13
31/5/2564,36,EMB-510,บันดาร์เสรีเบกาวัน,18,0,0,0,0,0
31/5/2564,37,EMB-511,สิงคโปร์,259,0,0,0,0,0
31/5/2564,38,EMB-512,มะนิลา,51,0,1,0,0,1
31/5/2564,39,EMB-513,จาการ์ตา,33,0,0,0,0,3
31/5/2564,40,EMB-515,โซล,1059,0,0,0,0,133
31/5/2564,41,EMB-516,โตเกียว,300,0,0,0,0,27
31/5/2564,42,EMB-517,โอซากา,98,0,0,0,0,3
31/5/2564,43,EMB-518,ฟูกูโอกะ,30,0,0,0,0,2
31/5/2564,44,EMB-519,ปักกิ่ง,13,0,0,0,0,0
31/5/2564,45,EMB-520,กว่างโจว,21,0,0,0,0,0
31/5/2564,46,EMB-521,เซี่ยงไฮ้,30,0,0,0,2,0
31/5/2564,47,EMB-522,ซีอาน,3,0,0,0,0,0
31/5/2564,48,EMB-523,หนานหนิง,4,0,0,0,0,0
31/5/2564,49,EMB-524,เฉิงตู,2,0,0,0,0,0
31/5/2564,50,EMB-525,เซี่ยเหมิน,6,0,0,0,0,1
31/5/2564,51,EMB-526,ชิงต่าว,2,0,0,0,0,0
31/5/2564,52,EMB-527,คุนหมิง,10,0,0,0,0,0
31/5/2564,53,EMB-528,ฮ่องกง,297,0,0,1,2,0
31/5/2564,54,EMB-529,ไทเป,458,0,0,0,0,17
31/5/2564,55,EMB-531,นิวเดลี,0,0,0,0,3,0
31/5/2564,56,EMB-532,มุมไบ,10,0,0,0,0,0
31/5/2564,57,EMB-535,อิสลามาบัด,9,0,0,0,0,0
31/5/2564,58,EMB-537,ธากา,6,0,0,0,0,0
31/5/2564,59,EMB-538,โคลัมโบ,3,0,0,0,1,0
31/5/2564,60,EMB-539,กาฐมาณฑุ,2,0,0,0,0,0
31/5/2564,61,EMB-540,ริยาด,21,0,0,0,0,0
31/5/2564,62,EMB-541,เจดดาห์,97,0,0,0,0,0
31/5/2564,63,EMB-542,คูเวต,13,0,0,0,0,0
31/5/2564,64,EMB-543,โดฮา,44,0,0,0,0,1
31/5/2564,65,EMB-544,มานามา,47,0,0,0,0,31
31/5/2564,66,EMB-545,อาบูดาบี,28,0,0,0,0,0
31/5/2564,67,EMB-546,ดูไบ,84,0,0,0,0,9
31/5/2564,68,EMB-547,อัมมาน,3,0,0,0,0,0
31/5/2564,69,EMB-548,มัสกัต,4,0,0,0,0,0
31/5/2564,70,EMB-549,เตหะราน,3,0,0,0,0,0
31/5/2564,71,EMB-550,เทลอาวีฟ,249,0,0,0,0,3
31/5/2564,72,EMB-551,ไคโร,11,0,0,0,0,0
31/5/2564,73,EMB-552,พริทอเรีย,19,0,0,0,0,8
31/5/2564,74,EMB-553,ราบัต,3,0,0,0,0,0
31/5/2564,75,EMB-554,ไนโรบี,40,0,0,0,0,0
31/5/2564,76,EMB-555,มาปูโต,1,0,0,0,0,0
31/5/2564,77,EMB-557,ดาการ์,0,0,0,0,0,5
31/5/2564,78,EMB-559,ลอนดอน,319,0,0,0,13,20
31/5/2564,79,EMB-560,ปารีส,316,0,0,0,0,0
31/5/2564,80,EMB-561,เบอร์ลิน,302,0,0,1,27,0
31/5/2564,81,EMB-562,แฟรงก์เฟิร์ต,347,0,0,0,22,1
31/5/2564,82,EMB-563,มิวนิก,276,0,0,0,18,0
31/5/2564,83,EMB-564,เบิร์น,247,0,1,0,0,3
31/5/2564,84,EMB-565,เฮก,118,0,0,0,1,7
31/5/2564,85,EMB-566,โรม,111,0,1,0,2,5
31/5/2564,86,EMB-567,บรัสเซลส์,80,0,0,0,3,5
31/5/2564,87,EMB-568,เวียนนา,134,0,1,0,0,0
31/5/2564,88,EMB-569,สตอกโฮล์ม,191,0,0,0,5,1
31/5/2564,89,EMB-570,โคเปนเฮเกน,265,0,0,0,3,0
31/5/2564,90,EMB-571,ออสโล,262,0,0,0,15,0
31/5/2564,91,EMB-572,เฮลซิงกิ,148,0,0,0,0,1
31/5/2564,92,EMB-573,มาดริด,49,0,0,0,0,0
31/5/2564,93,EMB-574,ลิสบอน,224,0,0,0,3,1
31/5/2564,94,EMB-575,บูดาเปสต์,29,0,0,0,1,0
31/5/2564,95,EMB-576,บูคาเรสต์,5,0,0,0,0,0
31/5/2564,96,EMB-577,วอร์ซอ,18,0,0,0,2,0
31/5/2564,97,EMB-578,ปราก,27,0,0,0,0,0
31/5/2564,98,EMB-579,เอเธนส์,12,0,0,0,0,0
31/5/2564,99,EMB-580,อังการา,27,0,1,0,0,2
31/5/2564,100,EMB-581,มอสโก,40,0,0,0,1,0
31/5/2564,101,EMB-582,วอชิงตัน,241,0,1,3,3,26
31/5/2564,102,EMB-583,นิวยอร์ก,498,1,0,0,0,3
31/5/2564,103,EMB-584,ชิคาโก,339,0,0,2,10,2
31/5/2564,104,EMB-585,ลอสแอนเจลิส,2072,0,1,4,0,50
31/5/2564,105,EMB-586,ออตตาวา,68,0,0,1,0,0
31/5/2564,106,EMB-587,แวนคูเวอร์,74,0,0,0,0,0
31/5/2564,107,EMB-589,บราซิเลีย,3,0,0,0,0,0
31/5/2564,108,EMB-591,ลิมา,5,0,0,0,3,2
31/5/2564,109,EMB-593,แคนเบอร์รา,123,0,0,0,0,0
31/5/2564,110,EMB-594,ซิดนีย์,662,0,1,0,0,0
31/5/2564,111,EMB-595,เวลลิงตัน,153,0,0,0,0,0
31/6/2564,112,BKK-001,กรมการกงสุล,4798,0,3,0,0,0
31/6/2564,113,BKK-002,ศูนย์ราชการเฉลิมพระเกียรติ 80 พรรษา,26,0,21,342,0,0
31/6/2564,114,BKK-003,มีนบุรี,1214,1,1,2,0,0
31/6/2564,115,THA-004,MRT คลองเตย,1933,2,0,0,0,0
31/6/2564,116,BKK-005,ศรีนครินทร์,3497,1,0,7,0,0
31/6/2564,117,BKK-006,สายใต้ใหม่ - ตลิ่งชัน,529,0,0,7,0,0
31/6/2564,118,BKK-007,ปทุมวัน,2348,2,2,3,0,0
31/6/2564,119,THA-008,ธัญบุรี,522,0,0,0,0,0
31/6/2564,120,THA-009,บางใหญ่,1582,3,0,1,0,0
31/6/2564,121,THA-010,เชียงราย,711,0,0,1,0,0
31/6/2564,122,THA-011,เชียงใหม่,1832,0,1,4,0,0
31/6/2564,123,THA-012,พิษณุโลก,695,0,0,1,0,0
31/6/2564,124,THA-013,นครสวรรค์,378,0,0,1,0,0
31/6/2564,125,THA-014,อุดรธานี,1824,0,1,0,0,0
31/6/2564,126,THA-015,ขอนแก่น,1484,0,1,0,0,0
31/6/2564,127,THA-016,นครราชสีมา,1291,0,0,10,0,0
31/6/2564,128,THA-017,อุบลราชธานี,990,0,0,1,0,0
31/6/2564,129,THA-018,บุรีรัมย์,253,0,0,0,0,0
31/6/2564,130,THA-019,หนองคาย,199,0,0,1,0,0
31/6/2564,131,THA-020,จันทบุรี,551,0,0,0,0,0
31/6/2564,132,THA-021,เมืองพัทยา,1968,2,0,1,0,0
31/6/2564,133,THA-022,เพชรบุรี,249,0,0,0,0,0
31/6/2564,134,THA-023,นครศรีธรรมราช,149,0,0,0,0,0
31/6/2564,135,THA-024,สุราษฎร์ธานี,317,0,0,2,0,0
31/6/2564,136,THA-025,สงขลา,570,0,0,2,0,0
31/6/2564,137,THA-026,ภูเก็ต,573,0,0,0,0,0
31/6/2564,138,THA-027,ยะลา,237,0,1,1,0,0
31/6/2564,139,EMB-501,ย่างกุ้ง,14,0,0,0,0,0
31/6/2564,140,EMB-502,เวียงจันทน์,94,0,0,0,0,2
31/6/2564,141,EMB-503,สะหวันนะเขต,17,0,0,0,0,1
31/6/2564,142,EMB-504,พนมเปญ,58,0,0,0,0,43
31/6/2564,143,EMB-505,ฮานอย,7,0,0,0,0,0
31/6/2564,144,EMB-506,โฮจิมินห์,19,0,0,0,0,0
31/6/2564,145,EMB-507,กัวลาลัมเปอร์,239,0,1,0,0,77
31/6/2564,146,EMB-508,ปีนัง,24,0,0,0,0,68
31/6/2564,147,EMB-509,โกตาบารู,73,0,0,0,0,21
31/6/2564,148,EMB-510,บันดาร์เสรีเบกาวัน,22,0,0,0,0,0
31/6/2564,149,EMB-511,สิงคโปร์,358,0,0,0,2,0
31/6/2564,150,EMB-512,มะนิลา,30,0,0,0,0,0
31/6/2564,151,EMB-513,จาการ์ตา,65,0,0,0,0,11
31/6/2564,152,EMB-514,ดิลี,1,0,0,0,0,0
31/6/2564,153,EMB-515,โซล,1020,0,0,0,1,154
31/6/2564,154,EMB-516,โตเกียว,518,0,0,0,0,15
31/6/2564,155,EMB-517,โอซากา,101,0,0,0,0,0
31/6/2564,156,EMB-518,ฟูกูโอกะ,27,0,0,0,0,0
31/6/2564,157,EMB-519,ปักกิ่ง,27,0,0,0,0,2
31/6/2564,158,EMB-520,กว่างโจว,10,0,0,0,0,2
31/6/2564,159,EMB-521,เซี่ยงไฮ้,20,0,0,0,1,0
31/6/2564,160,EMB-522,ซีอาน,3,0,0,0,0,0
31/6/2564,161,EMB-523,หนานหนิง,4,0,0,0,0,0
31/6/2564,162,EMB-524,เฉิงตู,9,0,0,0,0,0
31/6/2564,163,EMB-525,เซี่ยเหมิน,2,0,0,0,0,0
31/6/2564,164,EMB-527,คุนหมิง,4,0,0,0,0,2
31/6/2564,165,EMB-528,ฮ่องกง,263,0,0,0,4,0
31/6/2564,166,EMB-529,ไทเป,259,0,0,0,0,10
31/6/2564,167,EMB-531,นิวเดลี,14,0,0,0,2,6
31/6/2564,168,EMB-532,มุมไบ,7,0,0,0,0,0
31/6/2564,169,EMB-533,เจนไน,7,0,0,0,0,0
31/6/2564,170,EMB-534,กัลกัตตา,3,0,0,0,0,0
31/6/2564,171,EMB-535,อิสลามาบัด,9,0,0,0,0,0
31/6/2564,172,EMB-536,การาจี,2,0,0,0,0,0
31/6/2564,173,EMB-537,ธากา,11,0,0,0,0,0
31/6/2564,174,EMB-538,โคลัมโบ,1,0,0,0,3,1
31/6/2564,175,EMB-539,กาฐมาณฑุ,1,0,0,0,0,0
31/6/2564,176,EMB-540,ริยาด,6,0,0,0,1,1
31/6/2564,177,EMB-541,เจดดาห์,69,0,0,0,0,0
31/6/2564,178,EMB-542,คูเวต,11,0,0,0,0,0
31/6/2564,179,EMB-543,โดฮา,37,0,0,0,0,3
31/6/2564,180,EMB-544,มานามา,51,0,0,0,0,8
31/6/2564,181,EMB-545,อาบูดาบี,34,0,0,0,0,4
31/6/2564,182,EMB-546,ดูไบ,67,0,0,0,0,14
31/6/2564,183,EMB-547,อัมมาน,8,0,0,0,0,3
31/6/2564,184,EMB-548,มัสกัต,24,0,0,0,0,0
31/6/2564,185,EMB-549,เตหะราน,11,0,0,0,0,0
31/6/2564,186,EMB-550,เทลอาวีฟ,226,0,0,0,0,28
31/6/2564,187,EMB-551,ไคโร,10,0,1,0,0,0
31/6/2564,188,EMB-552,พริทอเรีย,14,0,1,1,3,2
31/6/2564,189,EMB-553,ราบัต,1,0,0,0,3,0
31/6/2564,190,EMB-554,ไนโรบี,2,0,1,0,2,0
31/6/2564,191,EMB-555,มาปูโต,2,0,0,0,0,0
31/6/2564,192,EMB-559,ลอนดอน,521,0,2,6,7,49
31/6/2564,193,EMB-560,ปารีส,331,0,0,0,0,0
31/6/2564,194,EMB-561,เบอร์ลิน,315,0,0,2,14,7
31/6/2564,195,EMB-562,แฟรงก์เฟิร์ต,546,0,0,1,28,0
31/6/2564,196,EMB-563,มิวนิก,259,0,0,0,15,1
31/6/2564,197,EMB-564,เบิร์น,292,0,0,0,1,5
31/6/2564,198,EMB-565,เฮก,163,0,0,0,0,4
31/6/2564,199,EMB-566,โรม,122,0,0,0,2,4
31/6/2564,200,EMB-567,บรัสเซลส์,90,0,1,0,5,12
31/6/2564,201,EMB-568,เวียนนา,103,0,0,0,0,0
31/6/2564,202,EMB-569,สตอกโฮล์ม,213,0,0,0,10,0
31/6/2564,203,EMB-570,โคเปนเฮเกน,333,0,0,0,6,0
31/6/2564,204,EMB-571,ออสโล,299,0,0,0,28,0
31/6/2564,205,EMB-572,เฮลซิงกิ,174,0,0,0,0,0
31/6/2564,206,EMB-573,มาดริด,91,0,0,0,0,0
31/6/2564,207,EMB-574,ลิสบอน,4,0,0,1,0,0
31/6/2564,208,EMB-575,บูดาเปสต์,41,0,0,0,9,0
31/6/2564,209,EMB-576,บูคาเรสต์,7,0,0,0,0,0
31/6/2564,210,EMB-577,วอร์ซอ,16,0,5,0,2,0
31/6/2564,211,EMB-578,ปราก,23,0,1,0,0,0
31/6/2564,212,EMB-579,เอเธนส์,9,0,0,0,0,0
31/6/2564,213,EMB-580,อังการา,31,0,0,0,2,2
31/6/2564,214,EMB-581,มอสโก,30,0,0,0,1,0
31/6/2564,215,EMB-582,วอชิงตัน,259,0,0,5,5,33
31/6/2564,216,EMB-583,นิวยอร์ก,512,0,0,0,1,11
31/6/2564,217,EMB-584,ชิคาโก,282,0,0,2,4,4
31/6/2564,218,EMB-585,ลอสแอนเจลิส,988,0,0,3,5,44
31/6/2564,219,EMB-586,ออตตาวา,193,0,0,0,2,0
31/6/2564,220,EMB-587,แวนคูเวอร์,73,0,0,0,0,0
31/6/2564,221,EMB-588,เม็กซิโก,9,0,0,0,2,0
31/6/2564,222,EMB-589,บราซิเลีย,5,0,0,0,0,0
31/6/2564,223,EMB-590,ซันติอาโก,3,0,0,0,0,0
31/6/2564,224,EMB-591,ลิมา,1,0,0,0,1,0
31/6/2564,225,EMB-592,บัวโนสไอเรส,3,0,0,0,0,0
31/6/2564,226,EMB-593,แคนเบอร์รา,1279,1,0,0,0,1
31/6/2564,227,EMB-594,ซิดนีย์,473,0,0,0,0,0
31/6/2564,228,EMB-595,เวลลิงตัน,112,0,0,0,0,3
31/7/2564,229,BKK-001,กรมการกงสุล,2610,0,30,54,0,0
31/7/2564,230,BKK-002,ศูนย์ราชการเฉลิมพระเกียรติ 80 พรรษา,329,0,42,378,0,0
31/7/2564,231,BKK-003,มีนบุรี,301,0,0,1,0,0
31/7/2564,232,THA-004,MRT คลองเตย,527,0,0,0,0,0
31/7/2564,233,BKK-005,ศรีนครินทร์,924,0,0,0,0,0
31/7/2564,234,BKK-006,สายใต้ใหม่ - ตลิ่งชัน,639,0,0,8,0,0
31/7/2564,235,BKK-007,ปทุมวัน,596,0,0,0,0,0
31/7/2564,236,THA-008,ธัญบุรี,247,0,0,0,0,0
31/7/2564,237,THA-009,บางใหญ่,232,0,0,0,0,0
31/7/2564,238,THA-010,เชียงราย,502,0,0,3,0,0
31/7/2564,239,THA-011,เชียงใหม่,1181,0,1,6,0,0
31/7/2564,240,THA-012,พิษณุโลก,494,0,0,2,0,0
31/7/2564,241,THA-013,นครสวรรค์,368,0,0,2,0,0
31/7/2564,242,THA-014,อุดรธานี,1010,0,0,3,0,0
31/7/2564,243,THA-015,ขอนแก่น,924,0,0,2,0,0
31/7/2564,244,THA-016,นครราชสีมา,798,0,0,6,0,0
31/7/2564,245,THA-017,อุบลราชธานี,566,0,0,1,0,0
31/7/2564,246,THA-018,บุรีรัมย์,273,0,0,2,0,0
31/7/2564,247,THA-019,หนองคาย,109,0,0,0,0,0
31/7/2564,248,THA-020,จันทบุรี,396,0,0,0,0,0
31/7/2564,249,THA-021,เมืองพัทยา,1502,0,0,8,0,0
31/7/2564,250,THA-022,เพชรบุรี,399,0,0,1,0,0
31/7/2564,251,THA-023,นครศรีธรรมราช,119,0,0,5,0,0
31/7/2564,252,THA-024,สุราษฎร์ธานี,251,0,0,0,0,0
31/7/2564,253,THA-025,สงขลา,402,0,0,2,0,0
31/7/2564,254,THA-026,ภูเก็ต,443,0,0,1,0,0
31/7/2564,255,THA-027,ยะลา,135,0,1,1,0,0
31/7/2564,256,EMB-501,ย่างกุ้ง,2,0,0,0,0,0
31/7/2564,257,EMB-502,เวียงจันทน์,61,0,0,0,0,0
31/7/2564,258,EMB-503,สะหวันนะเขต,22,0,0,0,0,0
31/7/2564,259,EMB-504,พนมเปญ,60,0,1,0,0,17
31/7/2564,260,EMB-505,ฮานอย,14,0,0,0,0,0
31/7/2564,261,EMB-506,โฮจิมินห์,16,0,0,0,0,0
31/7/2564,262,EMB-507,กัวลาลัมเปอร์,273,0,1,0,0,24
31/7/2564,263,EMB-508,ปีนัง,100,0,0,0,0,50
31/7/2564,264,EMB-509,โกตาบารู,109,0,0,0,0,75
31/7/2564,265,EMB-510,บันดาร์เสรีเบกาวัน,25,0,0,0,0,0
31/7/2564,266,EMB-511,สิงคโปร์,272,0,0,0,1,0
31/7/2564,267,EMB-512,มะนิลา,15,0,0,0,0,2
31/7/2564,268,EMB-513,จาการ์ตา,18,0,0,0,0,3
31/7/2564,269,EMB-515,โซล,1091,0,1,0,0,111
31/7/2564,270,EMB-516,โตเกียว,511,0,1,0,0,14
31/7/2564,271,EMB-517,โอซากา,97,0,0,0,0,1
31/7/2564,272,EMB-518,ฟูกูโอกะ,28,0,0,0,1,0
31/7/2564,273,EMB-519,ปักกิ่ง,17,0,0,0,0,0
31/7/2564,274,EMB-520,กว่างโจว,18,0,1,0,0,0
31/7/2564,275,EMB-521,เซี่ยงไฮ้,27,0,0,0,4,0
31/7/2564,276,EMB-522,ซีอาน,5,0,0,0,0,0
31/7/2564,277,EMB-523,หนานหนิง,8,0,0,0,0,0
31/7/2564,278,EMB-524,เฉิงตู,6,0,0,0,4,1
31/7/2564,279,EMB-525,เซี่ยเหมิน,5,0,0,0,0,0
31/7/2564,280,EMB-526,ชิงต่าว,1,0,0,0,0,0
31/7/2564,281,EMB-527,คุนหมิง,6,0,0,0,0,1
31/7/2564,282,EMB-528,ฮ่องกง,295,0,2,0,27,0
31/7/2564,283,EMB-529,ไทเป,572,0,0,0,0,8
31/7/2564,284,EMB-530,นูร์-ซุลตัน,4,0,0,0,0,0
31/7/2564,285,EMB-531,นิวเดลี,36,0,0,0,0,0
31/7/2564,286,EMB-532,มุมไบ,9,0,2,0,1,0
31/7/2564,287,EMB-533,เจนไน,9,0,0,0,0,0
31/7/2564,288,EMB-534,กัลกัตตา,3,0,0,1,0,0
31/7/2564,289,EMB-535,อิสลามาบัด,3,0,0,0,0,0
31/7/2564,290,EMB-536,การาจี,1,0,0,0,0,0
31/7/2564,291,EMB-537,ธากา,6,0,0,0,0,0
31/7/2564,292,EMB-538,โคลัมโบ,0,0,0,0,1,0
31/7/2564,293,EMB-539,กาฐมาณฑุ,3,0,0,0,0,0
31/7/2564,294,EMB-540,ริยาด,6,0,0,0,0,0
31/7/2564,295,EMB-541,เจดดาห์,44,0,1,0,0,0
31/7/2564,296,EMB-542,คูเวต,18,0,0,0,0,0
31/7/2564,297,EMB-543,โดฮา,46,0,0,0,0,1
31/7/2564,298,EMB-544,มานามา,33,0,0,0,0,12
31/7/2564,299,EMB-545,อาบูดาบี,21,0,0,0,0,0
31/7/2564,300,EMB-546,ดูไบ,63,0,0,0,0,7
31/7/2564,301,EMB-547,อัมมาน,7,0,0,0,0,0
31/7/2564,302,EMB-548,มัสกัต,11,0,0,0,0,0
31/7/2564,303,EMB-550,เทลอาวีฟ,394,0,0,0,0,22
31/7/2564,304,EMB-551,ไคโร,16,0,0,0,0,0
31/7/2564,305,EMB-552,พริทอเรีย,19,0,0,0,0,4
31/7/2564,306,EMB-553,ราบัต,4,0,0,0,0,0
31/7/2564,307,EMB-554,ไนโรบี,1,0,0,0,0,4
31/7/2564,308,EMB-557,ดาการ์,1,0,0,0,0,0
31/7/2564,309,EMB-558,อาบูจา,3,0,0,0,0,0
31/7/2564,310,EMB-559,ลอนดอน,505,0,0,5,29,48
31/7/2564,311,EMB-560,ปารีส,306,0,0,0,0,0
31/7/2564,312,EMB-561,เบอร์ลิน,281,0,0,0,24,3
31/7/2564,313,EMB-562,แฟรงก์เฟิร์ต,504,0,0,0,25,3
31/7/2564,314,EMB-563,มิวนิก,330,0,0,3,16,0
31/7/2564,315,EMB-564,เบิร์น,277,1,0,0,0,2
31/7/2564,316,EMB-565,เฮก,287,0,0,0,0,5
31/7/2564,317,EMB-566,โรม,113,0,0,0,0,3
31/7/2564,318,EMB-567,บรัสเซลส์,88,0,4,0,10,8
31/7/2564,319,EMB-568,เวียนนา,101,0,0,0,0,0
31/7/2564,320,EMB-569,สตอกโฮล์ม,256,0,0,0,4,0
31/7/2564,321,EMB-570,โคเปนเฮเกน,298,0,0,0,8,1
31/7/2564,322,EMB-571,ออสโล,401,0,0,0,20,0
31/7/2564,323,EMB-572,เฮลซิงกิ,191,0,0,0,0,0
31/7/2564,324,EMB-573,มาดริด,31,0,0,0,0,0
31/7/2564,325,EMB-574,ลิสบอน,27,0,0,0,0,0
31/7/2564,326,EMB-575,บูดาเปสต์,18,0,0,0,1,0
31/7/2564,327,EMB-576,บูคาเรสต์,4,0,0,0,1,0
31/7/2564,328,EMB-577,วอร์ซอ,31,0,0,0,0,0
31/7/2564,329,EMB-578,ปราก,43,0,0,0,0,0
31/7/2564,330,EMB-579,เอเธนส์,12,0,0,0,0,0
31/7/2564,331,EMB-580,อังการา,33,0,0,0,0,0
31/7/2564,332,EMB-581,มอสโก,23,0,1,0,0,0
31/7/2564,333,EMB-582,วอชิงตัน,232,0,0,0,3,9
31/7/2564,334,EMB-583,นิวยอร์ก,574,0,0,2,0,2
31/7/2564,335,EMB-584,ชิคาโก,370,0,0,3,5,2
31/7/2564,336,EMB-585,ลอสแอนเจลิส,912,0,1,1,7,9
31/7/2564,337,EMB-586,ออตตาวา,128,0,0,0,4,0
31/7/2564,338,EMB-587,แวนคูเวอร์,155,0,0,0,0,0
31/7/2564,339,EMB-588,เม็กซิโก,7,0,0,0,0,0
31/7/2564,340,EMB-589,บราซิเลีย,5,0,0,0,0,0
31/7/2564,341,EMB-590,ซันติอาโก,8,0,0,0,0,0
31/7/2564,342,EMB-591,ลิมา,3,0,0,0,0,0
31/7/2564,343,EMB-593,แคนเบอร์รา,56,0,0,0,1,0
31/7/2564,344,EMB-594,ซิดนีย์,265,0,0,1,0,0
31/7/2564,345,EMB-595,เวลลิงตัน,159,0,0,0,0,0
31/8/2564,346,BKK-001,กรมการกงสุล,4,0,0,1,0,0
31/8/2564,347,BKK-002,ศูนย์ราชการเฉลิมพระเกียรติ 80 พรรษา,5347,5,84,281,0,0
31/8/2564,348,THA-010,เชียงราย,630,0,0,0,0,0
31/8/2564,349,THA-011,เชียงใหม่,1708,0,0,3,0,0
31/8/2564,350,THA-012,พิษณุโลก,871,0,0,0,0,0
31/8/2564,351,THA-013,นครสวรรค์,788,0,0,1,0,0
31/8/2564,352,THA-014,อุดรธานี,1355,0,0,3,0,0
31/8/2564,353,THA-015,ขอนแก่น,1423,0,0,3,0,0
31/8/2564,354,THA-017,อุบลราชธานี,931,0,1,1,0,0
31/8/2564,355,THA-018,บุรีรัมย์,605,0,0,2,0,0
31/8/2564,356,THA-019,หนองคาย,175,0,0,0,0,0
31/8/2564,357,THA-020,จันทบุรี,901,1,0,0,0,0
31/8/2564,358,THA-023,นครศรีธรรมราช,430,0,2,0,0,0
31/8/2564,359,THA-024,สุราษฎร์ธานี,411,0,0,0,0,0
31/8/2564,360,THA-026,ภูเก็ต,701,3,0,1,0,0
31/8/2564,361,THA-027,ยะลา,155,1,0,0,0,0
31/8/2564,362,EMB-501,ย่างกุ้ง,5,0,0,0,0,0
31/8/2564,363,EMB-502,เวียงจันทน์,54,0,0,0,0,3
31/8/2564,364,EMB-503,สะหวันนะเขต,15,0,0,0,0,0
31/8/2564,365,EMB-504,พนมเปญ,45,0,0,0,0,9
31/8/2564,366,EMB-505,ฮานอย,2,0,0,0,0,0
31/8/2564,367,EMB-506,โฮจิมินห์,7,0,0,0,0,0
31/8/2564,368,EMB-507,กัวลาลัมเปอร์,291,0,0,0,1,90
31/8/2564,369,EMB-508,ปีนัง,132,0,0,0,0,20
31/8/2564,370,EMB-509,โกตาบารู,118,0,0,0,0,10
31/8/2564,371,EMB-510,บันดาร์เสรีเบกาวัน,9,0,0,0,0,0
31/8/2564,372,EMB-511,สิงคโปร์,334,0,0,0,0,1
31/8/2564,373,EMB-512,มะนิลา,24,0,0,0,0,0
31/8/2564,374,EMB-513,จาการ์ตา,18,0,0,0,4,0
31/8/2564,375,EMB-515,โซล,1252,0,0,0,0,106
31/8/2564,376,EMB-516,โตเกียว,368,0,0,2,0,11
31/8/2564,377,EMB-517,โอซากา,90,0,0,0,0,5
31/8/2564,378,EMB-518,ฟูกูโอกะ,31,0,0,0,0,2
31/8/2564,379,EMB-519,ปักกิ่ง,16,0,0,0,1,0
31/8/2564,380,EMB-520,กว่างโจว,31,0,0,0,0,0
31/8/2564,381,EMB-521,เซี่ยงไฮ้,27,0,0,0,0,0
31/8/2564,382,EMB-522,ซีอาน,1,0,0,0,0,0
31/8/2564,383,EMB-523,หนานหนิง,4,0,0,0,0,0
31/8/2564,384,EMB-524,เฉิงตู,13,0,0,0,0,0
31/8/2564,385,EMB-525,เซี่ยเหมิน,2,0,0,0,0,0
31/8/2564,386,EMB-527,คุนหมิง,6,0,0,0,0,0
31/8/2564,387,EMB-528,ฮ่องกง,314,0,0,0,26,3
31/8/2564,388,EMB-529,ไทเป,1331,0,0,0,0,8
31/8/2564,389,EMB-530,นูร์-ซุลตัน,2,0,0,0,2,0
31/8/2564,390,EMB-531,นิวเดลี,16,0,0,0,2,1
31/8/2564,391,EMB-532,มุมไบ,4,0,0,0,0,0
31/8/2564,392,EMB-533,เจนไน,1,0,0,0,1,3
31/8/2564,393,EMB-534,กัลกัตตา,2,0,0,0,0,0
31/8/2564,394,EMB-535,อิสลามาบัด,9,0,0,0,0,0
31/8/2564,395,EMB-537,ธากา,7,0,0,0,0,0
31/8/2564,396,EMB-538,โคลัมโบ,11,0,0,0,4,0
31/8/2564,397,EMB-539,กาฐมาณฑุ,1,0,0,0,0,0
31/8/2564,398,EMB-540,ริยาด,21,0,0,0,4,0
31/8/2564,399,EMB-541,เจดดาห์,107,0,0,0,0,0
31/8/2564,400,EMB-542,คูเวต,24,0,0,0,0,0
31/8/2564,401,EMB-543,โดฮา,43,0,1,0,5,1
31/8/2564,402,EMB-544,มานามา,36,0,0,0,0,2
31/8/2564,403,EMB-545,อาบูดาบี,29,0,0,0,0,16
31/8/2564,404,EMB-546,ดูไบ,82,0,0,0,0,8
31/8/2564,405,EMB-547,อัมมาน,28,0,0,0,2,0
31/8/2564,406,EMB-548,มัสกัต,16,1,0,0,0,0
31/8/2564,407,EMB-549,เตหะราน,3,0,0,0,0,0
31/8/2564,408,EMB-550,เทลอาวีฟ,745,0,3,0,0,23
31/8/2564,409,EMB-551,ไคโร,72,0,0,0,2,0
31/8/2564,410,EMB-552,พริทอเรีย,28,0,0,0,3,0
31/8/2564,411,EMB-553,ราบัต,4,0,0,0,3,0
31/8/2564,412,EMB-554,ไนโรบี,1,0,0,0,0,0
31/8/2564,413,EMB-557,ดาการ์,1,0,0,0,0,0
31/8/2564,414,EMB-558,อาบูจา,8,0,0,0,0,0
31/8/2564,415,EMB-559,ลอนดอน,606,0,0,1,20,21
31/8/2564,416,EMB-560,ปารีส,248,0,0,0,3,0
31/8/2564,417,EMB-561,เบอร์ลิน,300,0,0,1,27,2
31/8/2564,418,EMB-562,แฟรงก์เฟิร์ต,722,0,0,1,15,0
31/8/2564,419,EMB-563,มิวนิก,245,0,0,2,12,0
31/8/2564,420,EMB-564,เบิร์น,290,0,0,0,0,3
31/8/2564,421,EMB-565,เฮก,219,0,0,1,0,5
31/8/2564,422,EMB-566,โรม,200,0,0,0,2,3
31/8/2564,423,EMB-567,บรัสเซลส์,154,0,0,0,10,0
31/8/2564,424,EMB-568,เวียนนา,285,0,0,1,1,1
31/8/2564,425,EMB-569,สตอกโฮล์ม,473,0,0,0,6,0
31/8/2564,426,EMB-570,โคเปนเฮเกน,318,0,0,1,8,0
31/8/2564,427,EMB-571,ออสโล,411,0,0,3,47,0
31/8/2564,428,EMB-572,เฮลซิงกิ,179,0,0,0,2,0
31/8/2564,429,EMB-573,มาดริด,29,0,2,0,1,0
31/8/2564,430,EMB-574,ลิสบอน,10,0,0,0,0,0
31/8/2564,431,EMB-575,บูดาเปสต์,47,0,0,0,3,0
31/8/2564,432,EMB-577,วอร์ซอ,19,0,0,0,2,0
31/8/2564,433,EMB-578,ปราก,25,0,0,0,0,0
31/8/2564,434,EMB-579,เอเธนส์,20,0,0,0,0,0
31/8/2564,435,EMB-580,อังการา,71,0,0,0,0,0
31/8/2564,436,EMB-581,มอสโก,47,0,0,0,0,0
31/8/2564,437,EMB-582,วอชิงตัน,718,0,0,1,4,8
31/8/2564,438,EMB-583,นิวยอร์ก,353,0,0,2,1,4
31/8/2564,439,EMB-584,ชิคาโก,221,0,0,3,4,0
31/8/2564,440,EMB-585,ลอสแอนเจลิส,1642,0,0,13,16,29
31/8/2564,441,EMB-586,ออตตาวา,226,0,0,0,0,0
31/8/2564,442,EMB-587,แวนคูเวอร์,172,0,0,0,1,0
31/8/2564,443,EMB-588,เม็กซิโก,4,0,0,0,2,0
31/8/2564,444,EMB-589,บราซิเลีย,7,0,0,0,0,0
31/8/2564,445,EMB-590,ซันติอาโก,1,0,0,0,0,0
31/8/2564,446,EMB-591,ลิมา,2,0,0,0,1,2
31/8/2564,447,EMB-592,บัวโนสไอเรส,6,0,0,0,0,0
31/8/2564,448,EMB-593,แคนเบอร์รา,277,0,0,0,2,0
31/8/2564,449,EMB-594,ซิดนีย์,169,0,0,0,0,0
31/8/2564,450,EMB-595,เวลลิงตัน,100,0,0,0,0,0
31/8/2564,451,EMB-585,ลอสแอนเจลิส,988,0,0,3,5,44
31/8/2564,452,EMB-586,ออตตาวา,193,0,0,0,2,0
31/8/2564,453,EMB-587,แวนคูเวอร์,73,0,0,0,0,0
31/8/2564,454,EMB-588,เม็กซิโก,9,0,0,0,2,0
31/8/2564,455,EMB-589,บราซิเลีย,5,0,0,0,0,0
31/8/2564,456,EMB-590,ซันติอาโก,3,0,0,0,0,0
31/8/2564,457,EMB-591,ลิมา,1,0,0,0,1,0
31/8/2564,458,EMB-592,บัวโนสไอเรส,3,0,0,0,0,0
31/8/2564,459,EMB-593,แคนเบอร์รา,1279,1,0,0,0,1
31/8/2564,460,EMB-594,ซิดนีย์,473,0,0,0,0,0
31/8/2564,461,EMB-595,เวลลิงตัน,112,0,0,0,0,3
30/9/2564,462,BKK-001,กรมการกงสุล,11416,1,7,4,0,0
30/9/2564,463,BKK-002,ศูนย์ราชการเฉลิมพระเกียรติ 80 พรรษา,1381,0,38,127,0,0
30/9/2564,464,THA-004,MRT คลองเตย,1511,0,0,0,0,0
30/9/2564,465,BKK-005,ศรีนครินทร์,2946,0,0,1,0,0
30/9/2564,466,BKK-006,สายใต้ใหม่ - ตลิ่งชัน,1911,0,0,2,0,0
30/9/2564,467,BKK-007,ปทุมวัน,2714,0,1,34,0,0
30/9/2564,468,THA-008,ธัญบุรี,1,0,0,0,0,0
30/9/2564,469,THA-009,บางใหญ่,35,0,0,0,0,0
30/9/2564,470,THA-010,เชียงราย,957,0,0,2,0,0
30/9/2564,471,THA-011,เชียงใหม่,2523,0,1,6,0,0
30/9/2564,472,THA-012,พิษณุโลก,1328,0,1,23,0,0
30/9/2564,473,THA-013,นครสวรรค์,1012,0,0,21,0,0
30/9/2564,474,THA-014,อุดรธานี,2179,0,0,0,0,0
30/9/2564,475,THA-015,ขอนแก่น,2227,0,0,3,0,0
30/9/2564,476,THA-016,นครราชสีมา,1824,0,0,2,0,0
30/9/2564,477,THA-017,อุบลราชธานี,1146,0,0,1,0,0
30/9/2564,478,THA-018,บุรีรัมย์,545,0,0,1,0,0
30/9/2564,479,THA-019,หนองคาย,344,0,0,0,0,0
30/9/2564,480,THA-020,จันทบุรี,988,0,0,0,0,0
30/9/2564,481,THA-021,เมืองพัทยา,2823,2,1,1,0,0
30/9/2564,482,THA-022,เพชรบุรี,1056,0,0,0,0,0
30/9/2564,483,THA-023,นครศรีธรรมราช,387,0,0,0,0,0
30/9/2564,484,THA-024,สุราษฎร์ธานี,660,0,0,0,0,0
30/9/2564,485,THA-025,สงขลา,1232,0,0,6,0,0
30/9/2564,486,THA-026,ภูเก็ต,764,0,0,1,0,0
30/9/2564,487,THA-027,ยะลา,673,0,0,3,0,0
30/9/2564,488,EMB-501,ย่างกุ้ง,29,0,0,0,0,0
30/9/2564,489,EMB-502,เวียงจันทน์,20,0,0,0,0,0
30/9/2564,490,EMB-503,สะหวันนะเขต,10,0,0,0,0,0
30/9/2564,491,EMB-504,พนมเปญ,43,0,0,0,0,26
30/9/2564,492,EMB-505,ฮานอย,11,0,0,0,0,0
30/9/2564,493,EMB-506,โฮจิมินห์,9,0,0,0,0,0
30/9/2564,494,EMB-507,กัวลาลัมเปอร์,335,0,0,0,0,44
30/9/2564,495,EMB-508,ปีนัง,100,0,0,0,0,31
30/9/2564,496,EMB-509,โกตาบารู,197,0,0,4,0,36
30/9/2564,497,EMB-510,บันดาร์เสรีเบกาวัน,14,0,0,0,2,0
30/9/2564,498,EMB-511,สิงคโปร์,349,0,0,0,0,1
30/9/2564,499,EMB-512,มะนิลา,38,0,0,0,0,1
30/9/2564,500,EMB-513,จาการ์ตา,33,0,0,0,0,0
30/9/2564,501,EMB-515,โซล,1035,0,0,0,1,122
30/9/2564,502,EMB-516,โตเกียว,398,0,0,1,1,18
30/9/2564,503,EMB-517,โอซากา,120,0,0,0,0,1
30/9/2564,504,EMB-518,ฟูกูโอกะ,41,0,0,0,0,1
30/9/2564,505,EMB-519,ปักกิ่ง,25,0,0,0,0,0
30/9/2564,506,EMB-520,กว่างโจว,24,0,0,0,0,0
30/9/2564,507,EMB-521,เซี่ยงไฮ้,16,0,0,0,0,0
30/9/2564,508,EMB-522,ซีอาน,4,0,0,0,0,0
30/9/2564,509,EMB-524,เฉิงตู,7,0,0,0,0,0
30/9/2564,510,EMB-525,เซี่ยเหมิน,1,0,0,0,0,0
30/9/2564,511,EMB-526,ชิงต่าว,1,0,0,0,0,0
30/9/2564,512,EMB-527,คุนหมิง,6,0,0,0,0,9
30/9/2564,513,EMB-528,ฮ่องกง,259,0,0,0,15,3
30/9/2564,514,EMB-529,ไทเป,886,0,5,0,0,20
30/9/2564,515,EMB-530,นูร์-ซุลตัน,5,0,0,0,0,0
30/9/2564,516,EMB-531,นิวเดลี,65,0,0,0,7,3
30/9/2564,517,EMB-532,มุมไบ,7,0,0,0,0,0
30/9/2564,518,EMB-533,เจนไน,4,0,0,0,1,0
30/9/2564,519,EMB-534,กัลกัตตา,9,0,0,1,0,0
30/9/2564,520,EMB-535,อิสลามาบัด,14,0,0,0,0,0
30/9/2564,521,EMB-536,การาจี,1,0,0,0,0,0
30/9/2564,522,EMB-537,ธากา,21,0,0,0,0,0
30/9/2564,523,EMB-540,ริยาด,16,0,0,0,0,0
30/9/2564,524,EMB-541,เจดดาห์,106,0,0,0,5,1
30/9/2564,525,EMB-542,คูเวต,25,0,2,0,0,0
30/9/2564,526,EMB-543,โดฮา,43,0,0,0,0,0
30/9/2564,527,EMB-544,มานามา,35,0,0,0,0,3
30/9/2564,528,EMB-545,อาบูดาบี,35,0,0,0,0,2
30/9/2564,529,EMB-546,ดูไบ,81,0,0,0,0,16
30/9/2564,530,EMB-547,อัมมาน,11,0,0,0,0,0
30/9/2564,531,EMB-548,มัสกัต,7,0,0,0,0,0
30/9/2564,532,EMB-549,เตหะราน,11,0,0,0,0,0
30/9/2564,533,EMB-550,เทลอาวีฟ,320,0,0,0,0,14
30/9/2564,534,EMB-551,ไคโร,222,0,0,0,1,0
30/9/2564,535,EMB-552,พริทอเรีย,100,0,0,0,1,3
30/9/2564,536,EMB-553,ราบัต,5,0,0,0,0,0
30/9/2564,537,EMB-554,ไนโรบี,19,0,0,0,0,0
30/9/2564,538,EMB-558,อาบูจา,3,0,0,0,0,0
30/9/2564,539,EMB-559,ลอนดอน,788,0,0,1,29,28
30/9/2564,540,EMB-560,ปารีส,332,0,0,0,8,3
30/9/2564,541,EMB-561,เบอร์ลิน,309,0,0,3,25,3
30/9/2564,542,EMB-562,แฟรงก์เฟิร์ต,733,0,0,0,28,1
30/9/2564,543,EMB-563,มิวนิก,390,0,0,0,9,0
30/9/2564,544,EMB-564,เบิร์น,361,0,1,0,0,3
30/9/2564,545,EMB-565,เฮก,165,0,0,0,1,3
30/9/2564,546,EMB-566,โรม,192,0,0,0,1,5
30/9/2564,547,EMB-567,บรัสเซลส์,123,0,0,0,14,1
30/9/2564,548,EMB-568,เวียนนา,94,0,0,0,0,0
30/9/2564,549,EMB-569,สตอกโฮล์ม,594,0,1,0,2,0
30/9/2564,550,EMB-570,โคเปนเฮเกน,369,0,0,0,12,0
30/9/2564,551,EMB-571,ออสโล,445,0,0,0,13,1
30/9/2564,552,EMB-572,เฮลซิงกิ,179,0,0,0,0,2
30/9/2564,553,EMB-573,มาดริด,52,0,0,0,0,0
30/9/2564,554,EMB-574,ลิสบอน,19,0,0,0,0,0
30/9/2564,555,EMB-575,บูดาเปสต์,110,0,0,0,1,0
30/9/2564,556,EMB-576,บูคาเรสต์,10,0,0,0,0,0
30/9/2564,557,EMB-577,วอร์ซอ,53,0,0,0,0,0
30/9/2564,558,EMB-578,ปราก,22,0,0,0,0,0
30/9/2564,559,EMB-579,เอเธนส์,22,0,0,0,4,0
30/9/2564,560,EMB-580,อังการา,43,0,0,0,0,4
30/9/2564,561,EMB-581,มอสโก,28,0,0,0,3,0
30/9/2564,562,EMB-582,วอชิงตัน,798,0,1,4,3,7
30/9/2564,563,EMB-583,นิวยอร์ก,494,0,0,2,0,7
30/9/2564,564,EMB-584,ชิคาโก,465,0,0,3,0,3
30/9/2564,565,EMB-585,ลอสแอนเจลิส,1602,0,0,3,5,24
30/9/2564,566,EMB-586,ออตตาวา,413,0,0,0,3,0
30/9/2564,567,EMB-587,แวนคูเวอร์,97,0,0,0,3,0
30/9/2564,568,EMB-588,เม็กซิโก,3,0,1,0,0,0
30/9/2564,569,EMB-589,บราซิเลีย,1,0,0,0,0,0
30/9/2564,570,EMB-590,ซันติอาโก,1,0,0,0,0,0
30/9/2564,571,EMB-591,ลิมา,4,0,0,0,1,0
30/9/2564,572,EMB-592,บัวโนสไอเรส,2,0,0,0,0,0
30/9/2564,573,EMB-593,แคนเบอร์รา,45,0,0,2,1,0
30/9/2564,574,EMB-594,ซิดนีย์,197,0,0,0,0,0
30/9/2564,575,EMB-595,เวลลิงตัน,75,0,0,0,0,7
31/10/2564,576,BKK-001,กรมการกงสุล,9941,0,12,3,0,0
31/10/2564,577,BKK-002,ศูนย์ราชการเฉลิมพระเกียรติ 80 พรรษา,155,0,108,317,0,0
31/10/2564,578,BKK-003,มีนบุรี,2836,0,0,2,0,0
31/10/2564,579,THA-004,MRT คลองเตย,4875,0,0,1,0,0
31/10/2564,580,BKK-005,ศรีนครินทร์,7638,3,7,5,0,0
31/10/2564,581,BKK-006,สายใต้ใหม่ - ตลิ่งชัน,6129,1,0,9,0,0
31/10/2564,582,BKK-007,ปทุมวัน,6592,10,1,14,0,0
31/10/2564,583,THA-008,ธัญบุรี,2369,0,0,0,0,0
31/10/2564,584,THA-009,บางใหญ่,2415,0,0,0,0,0
31/10/2564,585,THA-010,เชียงราย,1980,0,0,2,0,0
31/10/2564,586,THA-011,เชียงใหม่,4403,0,0,9,0,0
31/10/2564,587,THA-012,พิษณุโลก,1831,0,1,4,0,0
31/10/2564,588,THA-013,นครสวรรค์,1153,0,0,0,0,0
31/10/2564,589,THA-014,อุดรธานี,3474,0,0,3,0,0
31/10/2564,590,THA-015,ขอนแก่น,3350,0,0,4,0,0
31/10/2564,591,THA-016,นครราชสีมา,2425,0,0,4,0,0
31/10/2564,592,THA-017,อุบลราชธานี,2100,0,0,3,0,0
31/10/2564,593,THA-018,บุรีรัมย์,1008,0,0,0,0,0
31/10/2564,594,THA-019,หนองคาย,489,0,1,0,0,0
31/10/2564,595,THA-020,จันทบุรี,1325,0,0,0,0,0
31/10/2564,596,THA-021,เมืองพัทยา,3486,3,0,0,0,0
31/10/2564,597,THA-022,เพชรบุรี,1251,0,0,1,0,0
31/10/2564,598,THA-023,นครศรีธรรมราช,492,0,0,1,0,0
31/10/2564,599,THA-024,สุราษฎร์ธานี,846,1,0,0,0,0
31/10/2564,600,THA-025,สงขลา,1523,0,0,9,0,0
31/10/2564,601,THA-026,ภูเก็ต,1359,0,1,0,0,0
31/10/2564,602,THA-027,ยะลา,812,2,1,1,0,0
31/10/2564,603,MOB-096,สัญจร2,17,0,20,0,0,0
31/10/2564,604,EMB-501,ย่างกุ้ง,11,0,0,0,0,1
31/10/2564,605,EMB-502,เวียงจันทน์,52,0,0,0,0,0
31/10/2564,606,EMB-503,สะหวันนะเขต,15,0,0,0,0,1
31/10/2564,607,EMB-504,พนมเปญ,47,0,0,0,0,61
31/10/2564,608,EMB-505,ฮานอย,13,0,0,0,2,0
31/10/2564,609,EMB-506,โฮจิมินห์,59,0,1,0,0,0
31/10/2564,610,EMB-507,กัวลาลัมเปอร์,350,0,0,1,0,82
31/10/2564,611,EMB-508,ปีนัง,291,0,0,0,0,54
31/10/2564,612,EMB-509,โกตาบารู,269,0,0,0,0,7
31/10/2564,613,EMB-510,บันดาร์เสรีเบกาวัน,13,0,0,0,0,0
31/10/2564,614,EMB-511,สิงคโปร์,290,0,0,2,2,0
31/10/2564,615,EMB-512,มะนิลา,12,0,0,0,0,0
31/10/2564,616,EMB-513,จาการ์ตา,37,0,0,0,2,0
31/10/2564,617,EMB-514,ดิลี,2,0,0,0,0,0
31/10/2564,618,EMB-515,โซล,1082,0,0,0,0,110
31/10/2564,619,EMB-516,โตเกียว,581,1,0,0,1,13
31/10/2564,620,EMB-517,โอซากา,141,0,0,0,0,5
31/10/2564,621,EMB-518,ฟูกูโอกะ,53,0,0,0,0,1
31/10/2564,622,EMB-519,ปักกิ่ง,23,0,0,0,0,0
31/10/2564,623,EMB-520,กว่างโจว,17,0,0,0,0,0
31/10/2564,624,EMB-521,เซี่ยงไฮ้,27,0,0,0,1,0
31/10/2564,625,EMB-523,หนานหนิง,3,0,0,0,0,0
31/10/2564,626,EMB-524,เฉิงตู,6,0,0,0,0,0
31/10/2564,627,EMB-525,เซี่ยเหมิน,5,0,0,0,0,0
31/10/2564,628,EMB-526,ชิงต่าว,2,0,0,0,0,0
31/10/2564,629,EMB-527,คุนหมิง,2,0,0,0,0,0
31/10/2564,630,EMB-528,ฮ่องกง,271,0,0,0,26,0
31/10/2564,631,EMB-529,ไทเป,898,0,0,0,0,12
31/10/2564,632,EMB-530,นูร์-ซุลตัน,2,0,0,0,1,0
31/10/2564,633,EMB-531,นิวเดลี,31,1,0,0,0,2
31/10/2564,634,EMB-532,มุมไบ,7,0,0,0,0,0
31/10/2564,635,EMB-533,เจนไน,5,0,0,0,0,0
31/10/2564,636,EMB-534,กัลกัตตา,10,0,0,0,0,2
31/10/2564,637,EMB-535,อิสลามาบัด,8,0,0,0,0,0
31/10/2564,638,EMB-536,การาจี,2,0,0,0,0,0
31/10/2564,639,EMB-537,ธากา,3,0,0,0,0,0
31/10/2564,640,EMB-538,โคลัมโบ,1,0,0,0,1,0
31/10/2564,641,EMB-539,กาฐมาณฑุ,2,0,0,0,0,0
31/10/2564,642,EMB-540,ริยาด,5,0,0,0,0,0
31/10/2564,643,EMB-541,เจดดาห์,88,0,0,0,1,0
31/10/2564,644,EMB-542,คูเวต,15,0,0,0,0,0
31/10/2564,645,EMB-543,โดฮา,45,0,0,0,0,0
31/10/2564,646,EMB-544,มานามา,34,0,0,0,1,8
31/10/2564,647,EMB-545,อาบูดาบี,28,0,0,0,2,12
31/10/2564,648,EMB-546,ดูไบ,57,0,0,0,0,15
31/10/2564,649,EMB-547,อัมมาน,4,0,1,0,0,0
31/10/2564,650,EMB-548,มัสกัต,15,0,0,0,0,0
31/10/2564,651,EMB-549,เตหะราน,11,0,0,0,0,0
31/10/2564,652,EMB-550,เทลอาวีฟ,470,0,0,0,0,33
31/10/2564,653,EMB-551,ไคโร,144,0,0,0,2,0
31/10/2564,654,EMB-552,พริทอเรีย,39,0,0,0,2,0
31/10/2564,655,EMB-553,ราบัต,7,0,0,0,0,0
31/10/2564,656,EMB-554,ไนโรบี,1,0,0,0,0,0
31/10/2564,657,EMB-559,ลอนดอน,715,0,0,0,19,43
31/10/2564,658,EMB-560,ปารีส,199,0,0,0,13,6
31/10/2564,659,EMB-561,เบอร์ลิน,324,0,0,0,20,6
31/10/2564,660,EMB-562,แฟรงก์เฟิร์ต,467,0,1,0,30,2
31/10/2564,661,EMB-563,มิวนิก,247,0,1,0,13,0
31/10/2564,662,EMB-564,เบิร์น,304,0,0,1,0,9
31/10/2564,663,EMB-565,เฮก,179,0,0,0,0,4
31/10/2564,664,EMB-566,โรม,172,0,0,0,5,0
31/10/2564,665,EMB-567,บรัสเซลส์,178,0,0,0,18,1
31/10/2564,666,EMB-568,เวียนนา,90,0,0,0,1,0
31/10/2564,667,EMB-569,สตอกโฮล์ม,253,0,1,0,13,0
31/10/2564,668,EMB-570,โคเปนเฮเกน,248,0,0,0,8,2
31/10/2564,669,EMB-571,ออสโล,284,0,0,1,44,0
31/10/2564,670,EMB-572,เฮลซิงกิ,162,0,0,0,0,1
31/10/2564,671,EMB-573,มาดริด,61,0,0,0,1,0
31/10/2564,672,EMB-574,ลิสบอน,26,0,0,0,1,0
31/10/2564,673,EMB-575,บูดาเปสต์,40,0,0,0,4,0
31/10/2564,674,EMB-576,บูคาเรสต์,5,0,0,0,0,0
31/10/2564,675,EMB-577,วอร์ซอ,19,0,0,0,0,0
31/10/2564,676,EMB-578,ปราก,27,0,0,0,3,0
31/10/2564,677,EMB-579,เอเธนส์,30,0,0,0,1,0
31/10/2564,678,EMB-580,อังการา,35,0,0,0,0,0
31/10/2564,679,EMB-581,มอสโก,40,0,0,0,0,0
31/10/2564,680,EMB-582,วอชิงตัน,219,0,4,0,1,43
31/10/2564,681,EMB-583,นิวยอร์ก,318,0,0,3,0,6
31/10/2564,682,EMB-584,ชิคาโก,257,0,0,0,12,6
31/10/2564,683,EMB-585,ลอสแอนเจลิส,528,0,1,4,2,18
31/10/2564,684,EMB-586,ออตตาวา,56,0,6,0,3,0
31/10/2564,685,EMB-587,แวนคูเวอร์,96,0,0,0,0,0
31/10/2564,686,EMB-588,เม็กซิโก,13,0,0,0,2,0
31/10/2564,687,EMB-589,บราซิเลีย,2,0,0,0,0,0
31/10/2564,688,EMB-590,ซันติอาโก,8,0,0,0,0,0
31/10/2564,689,EMB-591,ลิมา,1,0,0,0,3,1
31/10/2564,690,EMB-592,บัวโนสไอเรส,1,0,0,0,0,0
31/10/2564,691,EMB-593,แคนเบอร์รา,45,0,1,0,18,4
31/10/2564,692,EMB-594,ซิดนีย์,308,0,0,0,0,0
31/10/2564,693,EMB-595,เวลลิงตัน,69,0,0,0,0,0
30/11/2564,694,BKK-001,กรมการกงสุล,9901,3,9,13,0,0
30/11/2564,695,BKK-002,ศูนย์ราชการเฉลิมพระเกียรติ 80 พรรษา,104,0,41,365,0,0
30/11/2564,696,BKK-003,มีนบุรี,3376,0,1,1,0,0
30/11/2564,697,THA-004,MRT คลองเตย,5552,1,3,0,0,0
30/11/2564,698,BKK-005,ศรีนครินทร์,9268,4,0,13,0,0
30/11/2564,699,BKK-006,สายใต้ใหม่ - ตลิ่งชัน,6824,0,0,6,0,0
30/11/2564,700,BKK-007,ปทุมวัน,6506,5,3,6,0,0
30/11/2564,701,THA-008,ธัญบุรี,2675,1,0,0,0,0
30/11/2564,702,THA-009,บางใหญ่,2756,1,1,4,0,0
30/11/2564,703,THA-010,เชียงราย,2028,0,0,2,0,0
30/11/2564,704,THA-011,เชียงใหม่,3663,1,0,6,0,0
30/11/2564,705,THA-012,พิษณุโลก,1782,0,0,3,0,0
30/11/2564,706,THA-013,นครสวรรค์,1059,0,0,0,0,0
30/11/2564,707,THA-014,อุดรธานี,4434,3,2,6,0,0
30/11/2564,708,THA-015,ขอนแก่น,3983,1,0,7,0,0
30/11/2564,709,THA-016,นครราชสีมา,2646,0,1,2,0,0
30/11/2564,710,THA-017,อุบลราชธานี,1981,0,1,0,0,0
30/11/2564,711,THA-018,บุรีรัมย์,1166,1,1,0,0,0
30/11/2564,712,THA-019,หนองคาย,510,0,0,0,0,0
30/11/2564,713,THA-020,จันทบุรี,1254,0,0,0,0,0
30/11/2564,714,THA-021,เมืองพัทยา,4431,1,0,1,0,0
30/11/2564,715,THA-022,เพชรบุรี,726,0,0,0,0,0
30/11/2564,716,THA-023,นครศรีธรรมราช,414,0,0,0,0,0
30/11/2564,717,THA-024,สุราษฎร์ธานี,696,0,0,1,0,0
30/11/2564,718,THA-025,สงขลา,1535,0,1,6,0,0
30/11/2564,719,THA-026,ภูเก็ต,1132,1,0,0,0,0
30/11/2564,720,THA-027,ยะลา,1157,1,0,2,0,0
30/11/2564,721,EMB-501,ย่างกุ้ง,15,0,0,0,0,3
30/11/2564,722,EMB-502,เวียงจันทน์,56,0,0,0,0,2
30/11/2564,723,EMB-503,สะหวันนะเขต,32,0,0,0,0,0
30/11/2564,724,EMB-504,พนมเปญ,54,0,0,0,0,38
30/11/2564,725,EMB-505,ฮานอย,19,0,2,0,0,0
30/11/2564,726,EMB-506,โฮจิมินห์,68,0,0,0,0,3
30/11/2564,727,EMB-507,กัวลาลัมเปอร์,393,0,0,0,0,78
30/11/2564,728,EMB-508,ปีนัง,610,0,0,0,0,101
30/11/2564,729,EMB-509,โกตาบารู,244,0,0,0,1,84
30/11/2564,730,EMB-510,บันดาร์เสรีเบกาวัน,20,0,0,0,0,0
30/11/2564,731,EMB-511,สิงคโปร์,303,0,1,0,2,0
30/11/2564,732,EMB-512,มะนิลา,13,0,0,0,0,0
30/11/2564,733,EMB-513,จาการ์ตา,29,0,0,0,2,1
30/11/2564,734,EMB-515,โซล,1460,1,0,0,2,223
30/11/2564,735,EMB-516,โตเกียว,712,0,0,1,0,34
30/11/2564,736,EMB-517,โอซากา,148,0,0,0,0,7
30/11/2564,737,EMB-518,ฟูกูโอกะ,53,0,0,0,1,1
30/11/2564,738,EMB-519,ปักกิ่ง,15,0,0,0,0,0
30/11/2564,739,EMB-520,กว่างโจว,28,0,1,0,0,2
30/11/2564,740,EMB-521,เซี่ยงไฮ้,27,0,0,0,1,1
30/11/2564,741,EMB-522,ซีอาน,5,0,0,0,0,0
30/11/2564,742,EMB-523,หนานหนิง,8,0,0,0,0,0
30/11/2564,743,EMB-524,เฉิงตู,7,0,0,0,0,0
30/11/2564,744,EMB-525,เซี่ยเหมิน,1,0,0,0,0,0
30/11/2564,745,EMB-526,ชิงต่าว,3,0,0,0,0,0
30/11/2564,746,EMB-527,คุนหมิง,2,0,0,0,0,0
30/11/2564,747,EMB-528,ฮ่องกง,312,0,0,1,9,8
30/11/2564,748,EMB-529,ไทเป,1077,0,2,0,0,16
30/11/2564,749,EMB-530,นูร์-ซุลตัน,7,0,0,0,2,0
30/11/2564,750,EMB-531,นิวเดลี,22,0,0,0,0,5
30/11/2564,751,EMB-532,มุมไบ,7,0,0,0,0,0
30/11/2564,752,EMB-533,เจนไน,11,0,0,0,0,3
30/11/2564,753,EMB-534,กัลกัตตา,3,0,0,0,0,0
30/11/2564,754,EMB-535,อิสลามาบัด,11,0,0,0,0,0
30/11/2564,755,EMB-536,การาจี,4,0,0,0,0,0
30/11/2564,756,EMB-537,ธากา,1,0,0,0,0,0
30/11/2564,757,EMB-538,โคลัมโบ,2,0,0,0,0,0
30/11/2564,758,EMB-539,กาฐมาณฑุ,2,0,0,0,0,1
30/11/2564,759,EMB-540,ริยาด,6,0,0,0,0,0
30/11/2564,760,EMB-541,เจดดาห์,82,0,0,0,9,4
30/11/2564,761,EMB-542,คูเวต,28,0,0,0,0,0
30/11/2564,762,EMB-543,โดฮา,47,0,0,0,0,2
30/11/2564,763,EMB-544,มานามา,50,0,1,0,0,8
30/11/2564,764,EMB-545,อาบูดาบี,37,0,1,0,0,5
30/11/2564,765,EMB-546,ดูไบ,91,0,0,0,0,23
30/11/2564,766,EMB-547,อัมมาน,5,0,0,0,0,3
30/11/2564,767,EMB-548,มัสกัต,6,0,0,0,1,1
30/11/2564,768,EMB-549,เตหะราน,4,0,0,0,0,0
30/11/2564,769,EMB-550,เทลอาวีฟ,647,0,0,1,0,45
30/11/2564,770,EMB-551,ไคโร,84,0,0,0,1,0
30/11/2564,771,EMB-552,พริทอเรีย,34,0,1,0,3,4
30/11/2564,772,EMB-553,ราบัต,11,0,0,0,0,0
30/11/2564,773,EMB-554,ไนโรบี,1,0,0,0,0,1
30/11/2564,774,EMB-557,ดาการ์,1,0,0,0,2,0
30/11/2564,775,EMB-559,ลอนดอน,897,0,0,1,25,138
30/11/2564,776,EMB-560,ปารีส,243,0,0,0,23,12
30/11/2564,777,EMB-561,เบอร์ลิน,297,0,0,0,21,9
30/11/2564,778,EMB-562,แฟรงก์เฟิร์ต,587,0,0,0,29,1
30/11/2564,779,EMB-563,มิวนิก,277,0,0,0,16,0
30/11/2564,780,EMB-564,เบิร์น,348,0,0,0,0,10
30/11/2564,781,EMB-565,เฮก,210,0,1,0,0,14
30/11/2564,782,EMB-566,โรม,277,0,0,0,4,8
30/11/2564,783,EMB-567,บรัสเซลส์,125,0,0,0,14,0
30/11/2564,784,EMB-568,เวียนนา,109,0,0,0,3,0
30/11/2564,785,EMB-569,สตอกโฮล์ม,382,0,0,0,13,1
30/11/2564,786,EMB-570,โคเปนเฮเกน,244,0,0,1,11,5
30/11/2564,787,EMB-571,ออสโล,359,0,0,0,79,0
30/11/2564,788,EMB-572,เฮลซิงกิ,171,0,0,0,0,4
30/11/2564,789,EMB-573,มาดริด,44,0,0,0,8,0
30/11/2564,790,EMB-574,ลิสบอน,18,0,0,0,2,0
30/11/2564,791,EMB-575,บูดาเปสต์,28,0,1,0,1,0
30/11/2564,792,EMB-576,บูคาเรสต์,3,0,0,0,0,0
30/11/2564,793,EMB-577,วอร์ซอ,20,0,0,0,3,0
30/11/2564,794,EMB-578,ปราก,34,0,0,0,0,0
30/11/2564,795,EMB-579,เอเธนส์,26,0,0,0,1,1
30/11/2564,796,EMB-580,อังการา,62,0,1,0,0,1
30/11/2564,797,EMB-581,มอสโก,19,0,0,0,2,0
30/11/2564,798,EMB-582,วอชิงตัน,575,0,0,7,3,41
30/11/2564,799,EMB-583,นิวยอร์ก,478,0,1,0,1,14
30/11/2564,800,EMB-584,ชิคาโก,304,0,0,7,19,2
30/11/2564,801,EMB-585,ลอสแอนเจลิส,435,0,0,1,2,84
30/11/2564,802,EMB-586,ออตตาวา,123,0,0,0,16,0
30/11/2564,803,EMB-587,แวนคูเวอร์,116,0,0,0,5,4
30/11/2564,804,EMB-588,เม็กซิโก,10,0,0,0,0,0
30/11/2564,805,EMB-591,ลิมา,1,0,0,0,0,0
30/11/2564,806,EMB-592,บัวโนสไอเรส,1,0,0,0,0,0
30/11/2564,807,EMB-593,แคนเบอร์รา,170,0,0,1,38,4
30/11/2564,808,EMB-594,ซิดนีย์,1490,0,0,0,0,29
30/11/2564,809,EMB-595,เวลลิงตัน,137,0,0,0,0,4
31/1/2565,810,BKK-001,กรมการกงสุล,6004,0,4,8,0,0
31/1/2565,811,BKK-002,ศูนย์ราชการเฉลิมพระเกียรติ 80 พรรษา,53,0,17,370,0,0
31/1/2565,812,BKK-003,มีนบุรี,1955,2,1,1,0,0
31/1/2565,813,THA-004,MRT คลองเตย,3036,5,0,1,0,0
31/1/2565,814,BKK-005,ศรีนครินทร์,5035,4,2,17,0,0
31/1/2565,815,BKK-006,สายใต้ใหม่ - ตลิ่งชัน,3547,7,1,30,0,0
31/1/2565,816,BKK-007,ปทุมวัน,4500,5,4,9,0,0
31/1/2565,817,THA-008,ธัญบุรี,1512,0,0,1,0,0
31/1/2565,818,THA-009,บางใหญ่,1964,1,0,0,0,0
31/1/2565,819,THA-010,เชียงราย,1990,0,0,1,0,0
31/1/2565,820,THA-011,เชียงใหม่,3027,2,0,15,0,0
31/1/2565,821,THA-012,พิษณุโลก,1478,0,0,7,0,0
31/1/2565,822,THA-013,นครสวรรค์,889,0,1,2,0,0
31/1/2565,823,THA-014,อุดรธานี,4611,2,0,7,0,0
31/1/2565,824,THA-015,ขอนแก่น,3647,0,0,9,0,0
31/1/2565,825,THA-016,นครราชสีมา,2450,1,0,5,0,0
31/1/2565,826,THA-017,อุบลราชธานี,1601,0,0,6,0,0
31/1/2565,827,THA-018,บุรีรัมย์,1218,0,0,3,0,0
31/1/2565,828,THA-019,หนองคาย,598,0,1,0,0,0
31/1/2565,829,THA-020,จันทบุรี,908,0,0,1,0,0
31/1/2565,830,THA-021,เมืองพัทยา,3496,1,0,8,0,0
31/1/2565,831,THA-022,เพชรบุรี,515,0,1,0,0,0
31/1/2565,832,THA-023,นครศรีธรรมราช,334,0,0,3,0,0
31/1/2565,833,THA-024,สุราษฎร์ธานี,565,0,0,4,0,0
31/1/2565,834,THA-025,สงขลา,1264,0,0,9,0,0
31/1/2565,835,THA-026,ภูเก็ต,1017,0,0,3,0,0
31/1/2565,836,THA-027,ยะลา,1459,1,0,0,0,0
31/1/2565,837,MOB-095,สัญจร1,329,0,0,0,0,0
31/1/2565,838,EMB-501,ย่างกุ้ง,18,0,0,0,0,0
31/1/2565,839,EMB-502,เวียงจันทน์,114,0,0,0,0,4
31/1/2565,840,EMB-503,สะหวันนะเขต,24,0,0,0,0,1
31/1/2565,841,EMB-504,พนมเปญ,50,0,0,0,0,1
31/1/2565,842,EMB-505,ฮานอย,11,0,0,0,0,0
31/1/2565,843,EMB-506,โฮจิมินห์,36,0,0,0,0,0
31/1/2565,844,EMB-507,กัวลาลัมเปอร์,349,0,0,0,0,73
31/1/2565,845,EMB-508,ปีนัง,321,0,0,0,1,66
31/1/2565,846,EMB-509,โกตาบารู,235,1,0,0,0,89
31/1/2565,847,EMB-510,บันดาร์เสรีเบกาวัน,26,0,0,0,0,1
31/1/2565,848,EMB-511,สิงคโปร์,279,0,0,1,0,0
31/1/2565,849,EMB-512,มะนิลา,30,0,0,0,0,0
31/1/2565,850,EMB-513,จาการ์ตา,30,0,0,0,0,0
31/1/2565,851,EMB-514,ดิลี,1,0,0,0,0,0
31/1/2565,852,EMB-515,โซล,1217,0,1,0,3,140
31/1/2565,853,EMB-516,โตเกียว,496,0,0,1,0,11
31/1/2565,854,EMB-517,โอซากา,130,0,0,0,0,2
31/1/2565,855,EMB-518,ฟูกูโอกะ,25,0,0,0,0,0
31/1/2565,856,EMB-519,ปักกิ่ง,11,0,0,1,0,0
31/1/2565,857,EMB-520,กว่างโจว,26,0,0,0,0,0
31/1/2565,858,EMB-521,เซี่ยงไฮ้,29,0,0,1,3,0
31/1/2565,859,EMB-523,หนานหนิง,3,0,0,0,0,0
31/1/2565,860,EMB-524,เฉิงตู,6,0,0,0,0,0
31/1/2565,861,EMB-525,เซี่ยเหมิน,4,0,0,0,0,0
31/1/2565,862,EMB-526,ชิงต่าว,1,0,0,0,0,0
31/1/2565,863,EMB-527,คุนหมิง,10,0,0,0,0,1
31/1/2565,864,EMB-528,ฮ่องกง,402,0,0,0,4,2
31/1/2565,865,EMB-529,ไทเป,876,0,0,0,0,13
31/1/2565,866,EMB-531,นิวเดลี,16,0,0,0,0,0
31/1/2565,867,EMB-532,มุมไบ,4,0,0,0,0,1
31/1/2565,868,EMB-534,กัลกัตตา,2,0,0,0,0,0
31/1/2565,869,EMB-535,อิสลามาบัด,10,0,0,0,0,0
31/1/2565,870,EMB-536,การาจี,6,0,0,0,0,0
31/1/2565,871,EMB-537,ธากา,4,0,0,0,0,0
31/1/2565,872,EMB-538,โคลัมโบ,3,0,0,0,0,0
31/1/2565,873,EMB-539,กาฐมาณฑุ,0,0,0,3,0,0
31/1/2565,874,EMB-540,ริยาด,11,0,0,0,0,3
31/1/2565,875,EMB-541,เจดดาห์,81,0,0,0,6,2
31/1/2565,876,EMB-542,คูเวต,30,0,0,0,0,0
31/1/2565,877,EMB-543,โดฮา,33,0,0,0,0,1
31/1/2565,878,EMB-544,มานามา,40,0,0,0,0,9
31/1/2565,879,EMB-545,อาบูดาบี,37,0,0,0,0,7
31/1/2565,880,EMB-546,ดูไบ,112,0,0,0,0,23
31/1/2565,881,EMB-547,อัมมาน,5,0,0,0,0,0
31/1/2565,882,EMB-548,มัสกัต,13,0,0,0,1,4
31/1/2565,883,EMB-549,เตหะราน,11,0,0,0,0,2
31/1/2565,884,EMB-550,เทลอาวีฟ,85,0,0,0,0,32
31/1/2565,885,EMB-551,ไคโร,30,0,0,0,1,0
31/1/2565,886,EMB-552,พริทอเรีย,44,0,1,0,1,4
31/1/2565,887,EMB-553,ราบัต,6,0,0,0,0,0
31/1/2565,888,EMB-554,ไนโรบี,2,0,0,0,1,0
31/1/2565,889,EMB-557,ดาการ์,1,0,0,0,0,0
31/1/2565,890,EMB-558,อาบูจา,4,0,0,0,0,5
31/1/2565,891,EMB-559,ลอนดอน,640,0,0,1,11,58
31/1/2565,892,EMB-560,ปารีส,199,0,0,0,18,9
31/1/2565,893,EMB-561,เบอร์ลิน,295,0,0,0,16,4
31/1/2565,894,EMB-562,แฟรงก์เฟิร์ต,368,0,0,0,5,1
31/1/2565,895,EMB-563,มิวนิก,274,0,0,0,6,0
31/1/2565,896,EMB-564,เบิร์น,288,0,0,0,0,2
31/1/2565,897,EMB-565,เฮก,169,0,0,3,0,4
31/1/2565,898,EMB-566,โรม,130,0,0,0,2,6
31/1/2565,899,EMB-567,บรัสเซลส์,114,0,1,1,2,1
31/1/2565,900,EMB-568,เวียนนา,60,0,0,0,0,0
31/1/2565,901,EMB-569,สตอกโฮล์ม,338,0,0,0,2,0
31/1/2565,902,EMB-570,โคเปนเฮเกน,184,0,0,3,4,0
31/1/2565,903,EMB-571,ออสโล,243,0,0,0,29,0
31/1/2565,904,EMB-572,เฮลซิงกิ,108,0,0,0,0,2
31/1/2565,905,EMB-573,มาดริด,27,0,0,0,3,1
31/1/2565,906,EMB-574,ลิสบอน,17,0,0,0,0,0
31/1/2565,907,EMB-575,บูดาเปสต์,50,0,0,0,0,0
31/1/2565,908,EMB-576,บูคาเรสต์,1,0,0,0,0,0
31/1/2565,909,EMB-577,วอร์ซอ,20,0,0,0,0,0
31/1/2565,910,EMB-578,ปราก,24,0,0,0,1,0
31/1/2565,911,EMB-579,เอเธนส์,10,0,0,0,2,0
31/1/2565,912,EMB-580,อังการา,4,0,0,0,0,0
31/1/2565,913,EMB-581,มอสโก,18,0,0,0,2,0
31/1/2565,914,EMB-582,วอชิงตัน,238,0,0,1,2,19
31/1/2565,915,EMB-583,นิวยอร์ก,311,0,0,2,0,6
31/1/2565,916,EMB-584,ชิคาโก,179,0,0,2,0,0
31/1/2565,917,EMB-585,ลอสแอนเจลิส,621,0,0,13,13,31
31/1/2565,918,EMB-586,ออตตาวา,46,0,2,0,4,0
31/1/2565,919,EMB-587,แวนคูเวอร์,86,0,0,0,2,1
31/1/2565,920,EMB-588,เม็กซิโก,11,0,0,0,0,0
31/1/2565,921,EMB-589,บราซิเลีย,4,0,0,0,0,0
31/1/2565,922,EMB-590,ซันติอาโก,1,0,0,0,0,0
31/1/2565,923,EMB-591,ลิมา,2,0,0,0,3,0
31/1/2565,924,EMB-592,บัวโนสไอเรส,1,0,0,0,0,0
31/1/2565,925,EMB-593,แคนเบอร์รา,184,0,0,1,7,0
31/1/2565,926,EMB-594,ซิดนีย์,651,0,2,0,0,33
31/1/2565,927,EMB-595,เวลลิงตัน,176,0,0,6,0,3
28/2/2565,928,BKK-001,กรมการกงสุล,332,0,0,2,0,0
28/2/2565,929,BKK-002,ศูนย์ราชการเฉลิมพระเกียรติ 80 พรรษา,3,0,0,8,0,0
28/2/2565,930,BKK-003,มีนบุรี,112,0,0,0,0,0
28/2/2565,931,THA-004,MRT คลองเตย,165,0,0,0,0,0
28/2/2565,932,BKK-005,ศรีนครินทร์,320,0,1,0,0,0
28/2/2565,933,BKK-006,สายใต้ใหม่ - ตลิ่งชัน,246,0,0,3,0,0
28/2/2565,934,BKK-007,ปทุมวัน,203,0,1,0,0,0
28/2/2565,935,THA-008,ธัญบุรี,86,0,0,0,0,0
28/2/2565,936,THA-009,บางใหญ่,70,0,0,0,0,0
28/2/2565,937,THA-010,เชียงราย,75,0,0,0,0,0
28/2/2565,938,THA-011,เชียงใหม่,167,0,0,0,0,0
28/2/2565,939,THA-012,พิษณุโลก,80,0,0,0,0,0
28/2/2565,940,THA-013,นครสวรรค์,22,0,0,0,0,0
28/2/2565,941,THA-014,อุดรธานี,214,0,0,0,0,0
28/2/2565,942,THA-015,ขอนแก่น,124,0,0,0,0,0
28/2/2565,943,THA-016,นครราชสีมา,103,0,0,0,0,0
28/2/2565,944,THA-017,อุบลราชธานี,59,0,0,0,0,0
28/2/2565,945,THA-018,บุรีรัมย์,56,0,0,0,0,0
28/2/2565,946,THA-019,หนองคาย,25,0,0,0,0,0
28/2/2565,947,THA-020,จันทบุรี,47,0,0,0,0,0
28/2/2565,948,THA-021,เมืองพัทยา,182,0,0,0,0,0
28/2/2565,949,THA-022,เพชรบุรี,23,0,0,0,0,0
28/2/2565,950,THA-023,นครศรีธรรมราช,27,0,0,1,0,0
28/2/2565,951,THA-024,สุราษฎร์ธานี,31,0,0,0,0,0
28/2/2565,952,THA-026,ภูเก็ต,56,0,0,0,0,0
28/2/2565,953,MOB-095,สัญจร1,407,0,0,0,0,0
28/2/2565,954,EMB-502,เวียงจันทน์,3,0,0,0,0,0
28/2/2565,955,EMB-503,สะหวันนะเขต,2,0,0,0,0,0
28/2/2565,956,EMB-504,พนมเปญ,5,0,0,0,0,0
28/2/2565,957,EMB-507,กัวลาลัมเปอร์,11,0,0,0,0,8
28/2/2565,958,EMB-508,ปีนัง,1,0,0,0,0,3
28/2/2565,959,EMB-512,มะนิลา,3,0,0,0,0,0
28/2/2565,960,EMB-516,โตเกียว,22,0,0,0,0,1
28/2/2565,961,EMB-517,โอซากา,7,0,0,0,0,1
28/2/2565,962,EMB-531,นิวเดลี,2,0,0,0,0,0
28/2/2565,963,EMB-532,มุมไบ,2,0,0,0,1,0
28/2/2565,964,EMB-537,ธากา,1,0,0,0,0,0
28/2/2565,965,EMB-541,เจดดาห์,4,0,0,0,0,0
28/2/2565,966,EMB-543,โดฮา,1,0,0,0,0,0
28/2/2565,967,EMB-544,มานามา,2,0,0,0,0,1
28/2/2565,968,EMB-546,ดูไบ,4,0,0,0,0,1
28/2/2565,969,EMB-550,เทลอาวีฟ,9,0,0,0,0,1
28/2/2565,970,EMB-552,พริทอเรีย,2,0,0,0,0,3
28/2/2565,971,EMB-559,ลอนดอน,30,0,0,0,0,7
28/2/2565,972,EMB-560,ปารีส,17,0,0,0,3,1
28/2/2565,973,EMB-561,เบอร์ลิน,20,0,0,0,0,0
28/2/2565,974,EMB-562,แฟรงก์เฟิร์ต,23,0,0,2,1,0
28/2/2565,975,EMB-563,มิวนิก,13,0,0,0,0,0
28/2/2565,976,EMB-564,เบิร์น,9,0,0,0,0,0
28/2/2565,977,EMB-565,เฮก,16,0,0,0,2,3
28/2/2565,978,EMB-566,โรม,1,0,0,0,0,0
28/2/2565,979,EMB-568,เวียนนา,7,0,0,0,0,0
28/2/2565,980,EMB-569,สตอกโฮล์ม,19,0,0,0,1,0
28/2/2565,981,EMB-570,โคเปนเฮเกน,12,0,0,0,1,0
28/2/2565,982,EMB-571,ออสโล,15,0,1,0,2,0
28/2/2565,983,EMB-572,เฮลซิงกิ,11,0,0,0,0,1
28/2/2565,984,EMB-575,บูดาเปสต์,3,0,0,0,0,0
28/2/2565,985,EMB-579,เอเธนส์,1,0,0,0,0,0
28/2/2565,986,EMB-580,อังการา,4,0,0,0,0,0
28/2/2565,987,EMB-582,วอชิงตัน,14,0,0,0,0,0
28/2/2565,988,EMB-583,นิวยอร์ก,19,0,0,0,0,0
28/2/2565,989,EMB-584,ชิคาโก,11,0,0,0,0,0
28/2/2565,990,EMB-585,ลอสแอนเจลิส,35,0,0,1,0,0
28/2/2565,991,EMB-586,ออตตาวา,1,0,0,0,0,0
28/2/2565,992,EMB-587,แวนคูเวอร์,2,0,0,0,0,0
28/2/2565,993,EMB-593,แคนเบอร์รา,3,0,0,0,0,0
28/2/2565,994,EMB-594,ซิดนีย์,44,0,0,0,0,4
28/2/2565,995,EMB-595,เวลลิงตัน,10,0,0,0,0,1
31/3/2565,996,BKK-001,กรมการกงสุล,10461,4,13,23,0,0
31/3/2565,997,BKK-002,ศูนย์ราชการเฉลิมพระเกียรติ 80 พรรษา,81,0,50,558,0,0
31/3/2565,998,BKK-003,มีนบุรี,3229,1,0,0,0,0
31/3/2565,999,THA-004,MRT คลองเตย,5308,1,0,1,0,0
31/3/2565,1000,BKK-005,ศรีนครินทร์,9039,5,0,10,0,0
31/3/2565,1001,BKK-006,สายใต้ใหม่ - ตลิ่งชัน,6350,1,1,37,0,0
31/3/2565,1002,BKK-007,ปทุมวัน,8294,5,3,3,0,0
31/3/2565,1003,THA-008,ธัญบุรี,2476,0,0,0,0,0
31/3/2565,1004,THA-009,บางใหญ่,2685,0,1,0,0,0
31/3/2565,1005,THA-010,เชียงราย,2640,0,0,6,0,0
31/3/2565,1006,THA-011,เชียงใหม่,4878,0,0,33,0,0
31/3/2565,1007,THA-012,พิษณุโลก,2134,0,0,7,0,0
31/3/2565,1008,THA-013,นครสวรรค์,1327,0,0,10,0,0
31/3/2565,1009,THA-014,อุดรธานี,5322,5,0,6,0,0
31/3/2565,1010,THA-015,ขอนแก่น,4695,0,0,13,0,0
31/3/2565,1011,THA-016,นครราชสีมา,3380,0,0,6,0,0
31/3/2565,1012,THA-017,อุบลราชธานี,2333,0,0,7,0,0
31/3/2565,1013,THA-018,บุรีรัมย์,1528,0,0,5,0,0
31/3/2565,1014,THA-019,หนองคาย,904,1,0,1,0,0
31/3/2565,1015,THA-020,จันทบุรี,1293,0,0,0,0,0
31/3/2565,1016,THA-021,เมืองพัทยา,5452,0,0,10,0,0
31/3/2565,1017,THA-022,เพชรบุรี,847,0,0,0,0,0
31/3/2565,1018,THA-023,นครศรีธรรมราช,494,0,0,1,0,0
31/3/2565,1019,THA-024,สุราษฎร์ธานี,839,1,0,4,0,0
31/3/2565,1020,THA-025,สงขลา,2170,0,0,6,0,0
31/3/2565,1021,THA-026,ภูเก็ต,1921,0,0,2,0,0
31/3/2565,1022,THA-027,ยะลา,2197,1,1,4,0,0
31/3/2565,1023,MOB-095,สัญจร1,1998,0,1,0,0,0
31/3/2565,1024,MOB-096,สัญจร2,958,0,0,0,0,0
31/3/2565,1025,EMB-501,ย่างกุ้ง,18,0,0,0,0,5
31/3/2565,1026,EMB-502,เวียงจันทน์,50,0,0,0,0,0
31/3/2565,1027,EMB-503,สะหวันนะเขต,30,0,0,0,0,0
31/3/2565,1028,EMB-504,พนมเปญ,58,0,0,0,0,2
31/3/2565,1029,EMB-505,ฮานอย,14,0,0,0,0,0
31/3/2565,1030,EMB-506,โฮจิมินห์,42,0,0,0,0,0
31/3/2565,1031,EMB-507,กัวลาลัมเปอร์,362,0,0,0,0,93
31/3/2565,1032,EMB-508,ปีนัง,261,0,0,0,0,30
31/3/2565,1033,EMB-509,โกตาบารู,205,0,0,0,0,94
31/3/2565,1034,EMB-510,บันดาร์เสรีเบกาวัน,38,0,0,0,0,0
31/3/2565,1035,EMB-511,สิงคโปร์,394,0,0,0,5,2
31/3/2565,1036,EMB-512,มะนิลา,45,0,0,0,1,5
31/3/2565,1037,EMB-513,จาการ์ตา,48,0,1,0,0,4
31/3/2565,1038,EMB-514,ดิลี,1,0,0,0,0,0
31/3/2565,1039,EMB-515,โซล,1411,1,0,0,1,193
31/3/2565,1040,EMB-516,โตเกียว,653,0,0,1,0,30
31/3/2565,1041,EMB-517,โอซากา,187,0,0,0,2,8
31/3/2565,1042,EMB-518,ฟูกูโอกะ,41,0,0,0,0,0
31/3/2565,1043,EMB-519,ปักกิ่ง,27,0,0,0,0,0
31/3/2565,1044,EMB-520,กว่างโจว,29,0,0,0,1,10
31/3/2565,1045,EMB-521,เซี่ยงไฮ้,13,0,0,0,0,0
31/3/2565,1046,EMB-522,ซีอาน,1,0,0,0,0,0
31/3/2565,1047,EMB-523,หนานหนิง,1,0,0,0,0,0
31/3/2565,1048,EMB-524,เฉิงตู,11,0,0,0,0,0
31/3/2565,1049,EMB-525,เซี่ยเหมิน,2,0,0,0,0,0
31/3/2565,1050,EMB-526,ชิงต่าว,3,0,0,0,7,0
31/3/2565,1051,EMB-527,คุนหมิง,6,0,0,0,0,0
31/3/2565,1052,EMB-528,ฮ่องกง,479,0,0,0,1,19
31/3/2565,1053,EMB-529,ไทเป,1316,0,0,0,1,26
31/3/2565,1054,EMB-530,นูร์-ซุลตัน,1,0,0,0,0,0
31/3/2565,1055,EMB-531,นิวเดลี,71,0,0,0,0,3
31/3/2565,1056,EMB-532,มุมไบ,8,0,0,0,0,2
31/3/2565,1057,EMB-533,เจนไน,13,0,0,0,0,4
31/3/2565,1058,EMB-534,กัลกัตตา,1,0,0,0,0,7
31/3/2565,1059,EMB-535,อิสลามาบัด,9,0,0,0,0,0
31/3/2565,1060,EMB-536,การาจี,1,0,0,0,0,0
31/3/2565,1061,EMB-537,ธากา,34,0,0,0,0,3
31/3/2565,1062,EMB-538,โคลัมโบ,3,0,0,0,0,3
31/3/2565,1063,EMB-539,กาฐมาณฑุ,7,0,0,0,0,0
31/3/2565,1064,EMB-540,ริยาด,17,0,0,0,0,0
31/3/2565,1065,EMB-541,เจดดาห์,94,0,0,0,13,0
31/3/2565,1066,EMB-542,คูเวต,17,0,0,0,0,0
31/3/2565,1067,EMB-543,โดฮา,56,0,0,0,0,2
31/3/2565,1068,EMB-544,มานามา,61,0,0,0,0,54
31/3/2565,1069,EMB-545,อาบูดาบี,44,0,0,0,0,5
31/3/2565,1070,EMB-546,ดูไบ,103,0,0,0,0,40
31/3/2565,1071,EMB-547,อัมมาน,8,0,0,0,0,0
31/3/2565,1072,EMB-548,มัสกัต,19,0,0,0,4,3
31/3/2565,1073,EMB-549,เตหะราน,8,0,0,0,0,0
31/3/2565,1074,EMB-550,เทลอาวีฟ,534,0,0,0,0,42
31/3/2565,1075,EMB-551,ไคโร,25,0,0,0,1,0
31/3/2565,1076,EMB-552,พริทอเรีย,44,0,0,0,2,10
31/3/2565,1077,EMB-553,ราบัต,7,0,0,0,0,0
31/3/2565,1078,EMB-554,ไนโรบี,39,0,0,0,1,0
31/3/2565,1079,EMB-555,มาปูโต,20,0,0,0,1,0
31/3/2565,1080,EMB-557,ดาการ์,1,0,0,0,0,4
31/3/2565,1081,EMB-558,อาบูจา,1,0,0,0,0,0
31/3/2565,1082,EMB-559,ลอนดอน,673,0,0,3,30,116
31/3/2565,1083,EMB-560,ปารีส,283,0,0,0,32,18
31/3/2565,1084,EMB-561,เบอร์ลิน,298,0,0,1,20,5
31/3/2565,1085,EMB-562,แฟรงก์เฟิร์ต,575,0,1,1,23,12
31/3/2565,1086,EMB-563,มิวนิก,408,0,2,0,24,0
31/3/2565,1087,EMB-564,เบิร์น,366,0,0,2,0,11
31/3/2565,1088,EMB-565,เฮก,212,0,0,0,0,15
31/3/2565,1089,EMB-566,โรม,194,0,1,1,2,5
31/3/2565,1090,EMB-567,บรัสเซลส์,221,0,1,0,9,11
31/3/2565,1091,EMB-568,เวียนนา,111,0,0,1,0,0
31/3/2565,1092,EMB-569,สตอกโฮล์ม,575,0,0,0,5,1
31/3/2565,1093,EMB-570,โคเปนเฮเกน,257,0,0,1,10,5
31/3/2565,1094,EMB-571,ออสโล,424,0,0,0,42,0
31/3/2565,1095,EMB-572,เฮลซิงกิ,411,0,0,1,0,4
31/3/2565,1096,EMB-573,มาดริด,51,0,0,0,3,0
31/3/2565,1097,EMB-574,ลิสบอน,24,0,0,0,0,0
31/3/2565,1098,EMB-575,บูดาเปสต์,35,0,0,0,1,0
31/3/2565,1099,EMB-576,บูคาเรสต์,11,0,1,0,2,0
31/3/2565,1100,EMB-577,วอร์ซอ,26,0,0,0,0,0
31/3/2565,1101,EMB-578,ปราก,32,0,0,0,0,0
31/3/2565,1102,EMB-579,เอเธนส์,9,0,0,0,2,1
31/3/2565,1103,EMB-580,อังการา,30,0,0,0,2,4
31/3/2565,1104,EMB-581,มอสโก,57,0,0,0,1,0
31/3/2565,1105,EMB-582,วอชิงตัน,327,0,0,4,3,27
31/3/2565,1106,EMB-583,นิวยอร์ก,480,0,0,8,0,13
31/3/2565,1107,EMB-584,ชิคาโก,300,0,0,1,4,3
31/3/2565,1108,EMB-585,ลอสแอนเจลิส,1312,0,0,13,24,57
31/3/2565,1109,EMB-586,ออตตาวา,112,0,0,0,5,0
31/3/2565,1110,EMB-587,แวนคูเวอร์,121,0,0,0,0,3
31/3/2565,1111,EMB-588,เม็กซิโก,2,0,0,0,0,0
31/3/2565,1112,EMB-590,ซันติอาโก,4,0,0,0,0,0
31/3/2565,1113,EMB-591,ลิมา,0,0,0,0,3,0
31/3/2565,1114,EMB-592,บัวโนสไอเรส,3,0,0,0,0,0
31/3/2565,1115,EMB-593,แคนเบอร์รา,140,0,0,1,14,1
31/3/2565,1116,EMB-594,ซิดนีย์,1149,0,0,0,0,93
31/3/2565,1117,EMB-595,เวลลิงตัน,205,0,0,1,0,9
30/4/2565,1118,BKK-001,กรมการกงสุล,12242,5,4,13,0,0
30/4/2565,1119,BKK-002,ศูนย์ราชการเฉลิมพระเกียรติ 80 พรรษา,109,0,39,701,0,0
30/4/2565,1120,BKK-003,มีนบุรี,4116,0,0,2,0,0
30/4/2565,1121,THA-004,MRT คลองเตย,5759,0,0,1,0,0
30/4/2565,1122,BKK-005,ศรีนครินทร์,11444,2,1,12,0,0
30/4/2565,1123,BKK-006,สายใต้ใหม่ - ตลิ่งชัน,8122,0,3,56,0,0
30/4/2565,1124,BKK-007,ปทุมวัน,14647,8,1,23,0,0
30/4/2565,1125,THA-008,ธัญบุรี,3493,1,0,0,0,0
30/4/2565,1126,THA-009,บางใหญ่,3962,1,1,4,0,0
30/4/2565,1127,THA-010,เชียงราย,3232,0,0,2,0,0
30/4/2565,1128,THA-011,เชียงใหม่,5984,0,0,38,0,0
30/4/2565,1129,THA-012,พิษณุโลก,2906,0,1,3,0,0
30/4/2565,1130,THA-013,นครสวรรค์,1758,0,0,6,0,0
30/4/2565,1131,THA-014,อุดรธานี,6387,1,0,8,0,0
30/4/2565,1132,THA-015,ขอนแก่น,5762,0,0,26,0,0
30/4/2565,1133,THA-016,นครราชสีมา,4516,0,0,7,0,0
30/4/2565,1134,THA-017,อุบลราชธานี,3504,0,0,12,0,0
30/4/2565,1135,THA-018,บุรีรัมย์,2137,3,0,0,0,0
30/4/2565,1136,THA-019,หนองคาย,1365,0,0,6,0,0
30/4/2565,1137,THA-020,จันทบุรี,1681,0,0,1,0,0
30/4/2565,1138,THA-021,เมืองพัทยา,5911,0,0,2,0,0
30/4/2565,1139,THA-022,เพชรบุรี,1123,0,0,0,0,0
30/4/2565,1140,THA-023,นครศรีธรรมราช,685,1,0,1,0,0
30/4/2565,1141,THA-024,สุราษฎร์ธานี,1124,1,0,2,0,0
30/4/2565,1142,THA-025,สงขลา,2749,0,0,15,0,0
30/4/2565,1143,THA-026,ภูเก็ต,2247,0,0,3,0,0
30/4/2565,1144,THA-027,ยะลา,2827,2,1,10,0,0
30/4/2565,1145,MOB-095,สัญจร1,2882,0,0,0,0,0
30/4/2565,1146,EMB-501,ย่างกุ้ง,6,0,0,0,0,0
30/4/2565,1147,EMB-502,เวียงจันทน์,155,0,0,0,0,1
30/4/2565,1148,EMB-503,สะหวันนะเขต,12,0,0,0,0,0
30/4/2565,1149,EMB-504,พนมเปญ,39,0,0,0,0,2
30/4/2565,1150,EMB-505,ฮานอย,7,0,0,0,0,0
30/4/2565,1151,EMB-506,โฮจิมินห์,39,0,0,0,0,4
30/4/2565,1152,EMB-507,กัวลาลัมเปอร์,329,0,0,0,1,104
30/4/2565,1153,EMB-508,ปีนัง,202,0,0,2,0,89
30/4/2565,1154,EMB-509,โกตาบารู,161,0,0,0,0,114
30/4/2565,1155,EMB-510,บันดาร์เสรีเบกาวัน,23,0,0,0,0,0
30/4/2565,1156,EMB-511,สิงคโปร์,149,0,0,1,2,1
30/4/2565,1157,EMB-512,มะนิลา,21,0,0,0,6,0
30/4/2565,1158,EMB-513,จาการ์ตา,30,0,0,0,0,0
30/4/2565,1159,EMB-515,โซล,1067,0,0,1,0,205
30/4/2565,1160,EMB-516,โตเกียว,586,0,0,0,0,41
30/4/2565,1161,EMB-517,โอซากา,144,0,0,0,0,7
30/4/2565,1162,EMB-518,ฟูกูโอกะ,52,0,0,0,0,0
30/4/2565,1163,EMB-519,ปักกิ่ง,18,0,0,0,0,0
30/4/2565,1164,EMB-520,กว่างโจว,16,0,0,0,0,1
30/4/2565,1165,EMB-522,ซีอาน,3,0,0,0,0,0
30/4/2565,1166,EMB-523,หนานหนิง,2,0,0,0,0,0
30/4/2565,1167,EMB-524,เฉิงตู,1,0,0,0,0,0
30/4/2565,1168,EMB-525,เซี่ยเหมิน,12,0,0,0,0,0
30/4/2565,1169,EMB-526,ชิงต่าว,8,0,2,0,0,0
30/4/2565,1170,EMB-527,คุนหมิง,5,0,0,2,0,0
30/4/2565,1171,EMB-528,ฮ่องกง,489,0,1,2,5,11
30/4/2565,1172,EMB-529,ไทเป,731,0,0,0,0,21
30/4/2565,1173,EMB-530,นูร์-ซุลตัน,2,0,0,0,1,0
30/4/2565,1174,EMB-531,นิวเดลี,86,0,0,0,0,9
30/4/2565,1175,EMB-532,มุมไบ,7,0,0,0,0,7
30/4/2565,1176,EMB-533,เจนไน,4,0,0,0,0,1
30/4/2565,1177,EMB-534,กัลกัตตา,2,0,0,0,0,1
30/4/2565,1178,EMB-535,อิสลามาบัด,12,0,1,0,0,0
30/4/2565,1179,EMB-536,การาจี,0,0,4,0,0,0
30/4/2565,1180,EMB-537,ธากา,22,0,0,0,0,0
30/4/2565,1181,EMB-538,โคลัมโบ,1,0,0,0,0,0
30/4/2565,1182,EMB-540,ริยาด,8,0,0,0,0,0
30/4/2565,1183,EMB-541,เจดดาห์,74,0,0,0,5,2
30/4/2565,1184,EMB-542,คูเวต,5,0,0,0,0,3
30/4/2565,1185,EMB-543,โดฮา,39,0,0,0,0,1
30/4/2565,1186,EMB-544,มานามา,46,0,0,0,0,20
30/4/2565,1187,EMB-545,อาบูดาบี,19,0,0,0,0,17
30/4/2565,1188,EMB-546,ดูไบ,88,0,0,0,0,16
30/4/2565,1189,EMB-547,อัมมาน,4,0,0,0,0,0
30/4/2565,1190,EMB-548,มัสกัต,9,0,0,0,0,4
30/4/2565,1191,EMB-549,เตหะราน,7,0,0,0,0,0
30/4/2565,1192,EMB-550,เทลอาวีฟ,80,0,0,0,0,34
30/4/2565,1193,EMB-551,ไคโร,17,0,0,0,0,0
30/4/2565,1194,EMB-552,พริทอเรีย,22,0,0,0,4,4
30/4/2565,1195,EMB-553,ราบัต,1,0,0,0,0,1
30/4/2565,1196,EMB-554,ไนโรบี,5,0,0,0,0,0
30/4/2565,1197,EMB-555,มาปูโต,1,0,0,0,3,0
30/4/2565,1198,EMB-557,ดาการ์,1,0,0,0,0,0
30/4/2565,1199,EMB-559,ลอนดอน,534,0,1,0,36,55
30/4/2565,1200,EMB-560,ปารีส,434,0,0,0,22,8
30/4/2565,1201,EMB-561,เบอร์ลิน,258,0,0,2,10,3
30/4/2565,1202,EMB-562,แฟรงก์เฟิร์ต,443,0,0,1,19,2
30/4/2565,1203,EMB-563,มิวนิก,290,0,1,0,11,0
30/4/2565,1204,EMB-564,เบิร์น,214,0,1,0,1,6
30/4/2565,1205,EMB-565,เฮก,119,0,0,0,0,11
30/4/2565,1206,EMB-566,โรม,129,0,0,0,1,4
30/4/2565,1207,EMB-567,บรัสเซลส์,238,0,1,0,3,4
30/4/2565,1208,EMB-568,เวียนนา,85,0,0,0,0,2
30/4/2565,1209,EMB-569,สตอกโฮล์ม,429,0,1,0,6,0
30/4/2565,1210,EMB-570,โคเปนเฮเกน,173,0,0,0,8,3
30/4/2565,1211,EMB-571,ออสโล,302,0,0,2,16,0
30/4/2565,1212,EMB-572,เฮลซิงกิ,185,0,0,1,1,2
30/4/2565,1213,EMB-573,มาดริด,41,0,0,0,6,2
30/4/2565,1214,EMB-574,ลิสบอน,167,0,0,1,2,0
30/4/2565,1215,EMB-575,บูดาเปสต์,35,0,0,0,0,0
30/4/2565,1216,EMB-576,บูคาเรสต์,5,0,0,0,0,0
30/4/2565,1217,EMB-577,วอร์ซอ,28,0,1,0,3,0
30/4/2565,1218,EMB-578,ปราก,18,0,0,0,1,0
30/4/2565,1219,EMB-579,เอเธนส์,13,0,0,0,1,0
30/4/2565,1220,EMB-580,อังการา,50,0,0,0,0,5
30/4/2565,1221,EMB-581,มอสโก,27,0,0,0,8,0
30/4/2565,1222,EMB-582,วอชิงตัน,332,0,0,0,5,18
30/4/2565,1223,EMB-583,นิวยอร์ก,286,0,1,1,5,6
30/4/2565,1224,EMB-584,ชิคาโก,240,0,0,7,2,3
30/4/2565,1225,EMB-585,ลอสแอนเจลิส,1400,0,4,10,7,52
30/4/2565,1226,EMB-586,ออตตาวา,72,0,0,0,8,0
30/4/2565,1227,EMB-587,แวนคูเวอร์,130,0,0,0,0,7
30/4/2565,1228,EMB-588,เม็กซิโก,7,0,0,0,0,0
30/4/2565,1229,EMB-591,ลิมา,3,0,0,0,0,0
30/4/2565,1230,EMB-593,แคนเบอร์รา,182,0,0,0,21,6
30/4/2565,1231,EMB-594,ซิดนีย์,750,0,1,1,0,47
30/4/2565,1232,EMB-595,เวลลิงตัน,214,0,0,0,0,11
31/5/2565,1233,BKK-001,กรมการกงสุล,10461,4,13,23,0,0
31/5/2565,1234,BKK-002,ศูนย์ราชการเฉลิมพระเกียรติ 80 พรรษา,81,0,50,558,0,0
31/5/2565,1235,BKK-003,มีนบุรี,3229,1,0,0,0,0
31/5/2565,1236,THA-004,MRT คลองเตย,5308,1,0,1,0,0
31/5/2565,1237,BKK-005,ศรีนครินทร์,9039,5,0,10,0,0
31/5/2565,1238,BKK-006,สายใต้ใหม่ - ตลิ่งชัน,6350,1,1,37,0,0
31/5/2565,1239,BKK-007,ปทุมวัน,8294,5,3,3,0,0
31/5/2565,1240,THA-008,ธัญบุรี,2476,0,0,0,0,0
31/5/2565,1241,THA-009,บางใหญ่,2685,0,1,0,0,0
31/5/2565,1242,THA-010,เชียงราย,2640,0,0,6,0,0
31/5/2565,1243,THA-011,เชียงใหม่,4878,0,0,33,0,0
31/5/2565,1244,THA-012,พิษณุโลก,2134,0,0,7,0,0
31/5/2565,1245,THA-013,นครสวรรค์,1327,0,0,10,0,0
31/5/2565,1246,THA-014,อุดรธานี,5322,5,0,6,0,0
31/5/2565,1247,THA-015,ขอนแก่น,4695,0,0,13,0,0
31/5/2565,1248,THA-016,นครราชสีมา,3380,0,0,6,0,0
31/5/2565,1249,THA-017,อุบลราชธานี,2333,0,0,7,0,0
31/5/2565,1250,THA-018,บุรีรัมย์,1528,0,0,5,0,0
31/5/2565,1251,THA-019,หนองคาย,904,1,0,1,0,0
31/5/2565,1252,THA-020,จันทบุรี,1293,0,0,0,0,0
31/5/2565,1253,THA-021,เมืองพัทยา,5452,0,0,10,0,0
31/5/2565,1254,THA-022,เพชรบุรี,847,0,0,0,0,0
31/5/2565,1255,THA-023,นครศรีธรรมราช,494,0,0,1,0,0
31/5/2565,1256,THA-024,สุราษฎร์ธานี,839,1,0,4,0,0
31/5/2565,1257,THA-025,สงขลา,2170,0,0,6,0,0
31/5/2565,1258,THA-026,ภูเก็ต,1921,0,0,2,0,0
31/5/2565,1259,THA-027,ยะลา,2197,1,1,4,0,0
31/5/2565,1260,MOB-095,สัญจร1,1998,0,1,0,0,0
31/5/2565,1261,MOB-096,สัญจร2,958,0,0,0,0,0
31/5/2565,1262,EMB-501,ย่างกุ้ง,18,0,0,0,0,5
31/5/2565,1263,EMB-502,เวียงจันทน์,50,0,0,0,0,0
31/5/2565,1264,EMB-503,สะหวันนะเขต,30,0,0,0,0,0
31/5/2565,1265,EMB-504,พนมเปญ,58,0,0,0,0,2
31/5/2565,1266,EMB-505,ฮานอย,14,0,0,0,0,0
31/5/2565,1267,EMB-506,โฮจิมินห์,42,0,0,0,0,0
31/5/2565,1268,EMB-507,กัวลาลัมเปอร์,362,0,0,0,0,93
31/5/2565,1269,EMB-508,ปีนัง,261,0,0,0,0,30
31/5/2565,1270,EMB-509,โกตาบารู,205,0,0,0,0,94
31/5/2565,1271,EMB-510,บันดาร์เสรีเบกาวัน,38,0,0,0,0,0
31/5/2565,1272,EMB-511,สิงคโปร์,394,0,0,0,5,2
31/5/2565,1273,EMB-512,มะนิลา,45,0,0,0,1,5
31/5/2565,1274,EMB-513,จาการ์ตา,48,0,1,0,0,4
31/5/2565,1275,EMB-514,ดิลี,1,0,0,0,0,0
31/5/2565,1276,EMB-515,โซล,1411,1,0,0,1,193
31/5/2565,1277,EMB-516,โตเกียว,653,0,0,1,0,30
31/5/2565,1278,EMB-517,โอซากา,187,0,0,0,2,8
31/5/2565,1279,EMB-518,ฟูกูโอกะ,41,0,0,0,0,0
31/5/2565,1280,EMB-519,ปักกิ่ง,27,0,0,0,0,0
31/5/2565,1281,EMB-520,กว่างโจว,29,0,0,0,1,10
31/5/2565,1282,EMB-521,เซี่ยงไฮ้,13,0,0,0,0,0
31/5/2565,1283,EMB-522,ซีอาน,1,0,0,0,0,0
31/5/2565,1284,EMB-523,หนานหนิง,1,0,0,0,0,0
31/5/2565,1285,EMB-524,เฉิงตู,11,0,0,0,0,0
31/5/2565,1286,EMB-525,เซี่ยเหมิน,2,0,0,0,0,0
31/5/2565,1287,EMB-526,ชิงต่าว,3,0,0,0,7,0
31/5/2565,1288,EMB-527,คุนหมิง,6,0,0,0,0,0
31/5/2565,1289,EMB-528,ฮ่องกง,479,0,0,0,1,19
31/5/2565,1290,EMB-529,ไทเป,1316,0,0,0,1,26
31/5/2565,1291,EMB-530,นูร์-ซุลตัน,1,0,0,0,0,0
31/5/2565,1292,EMB-531,นิวเดลี,71,0,0,0,0,3
31/5/2565,1293,EMB-532,มุมไบ,8,0,0,0,0,2
31/5/2565,1294,EMB-533,เจนไน,13,0,0,0,0,4
31/5/2565,1295,EMB-534,กัลกัตตา,1,0,0,0,0,7
31/5/2565,1296,EMB-535,อิสลามาบัด,9,0,0,0,0,0
31/5/2565,1297,EMB-536,การาจี,1,0,0,0,0,0
31/5/2565,1298,EMB-537,ธากา,34,0,0,0,0,3
31/5/2565,1299,EMB-538,โคลัมโบ,3,0,0,0,0,3
31/5/2565,1300,EMB-539,กาฐมาณฑุ,7,0,0,0,0,0
31/5/2565,1301,EMB-540,ริยาด,17,0,0,0,0,0
31/5/2565,1302,EMB-541,เจดดาห์,94,0,0,0,13,0
31/5/2565,1303,EMB-542,คูเวต,17,0,0,0,0,0
31/5/2565,1304,EMB-543,โดฮา,56,0,0,0,0,2
31/5/2565,1305,EMB-544,มานามา,61,0,0,0,0,54
31/5/2565,1306,EMB-545,อาบูดาบี,44,0,0,0,0,5
31/5/2565,1307,EMB-546,ดูไบ,103,0,0,0,0,40
31/5/2565,1308,EMB-547,อัมมาน,8,0,0,0,0,0
31/5/2565,1309,EMB-548,มัสกัต,19,0,0,0,4,3
31/5/2565,1310,EMB-549,เตหะราน,8,0,0,0,0,0
31/5/2565,1311,EMB-550,เทลอาวีฟ,534,0,0,0,0,42
31/5/2565,1312,EMB-551,ไคโร,25,0,0,0,1,0
31/5/2565,1313,EMB-552,พริทอเรีย,44,0,0,0,2,10
31/5/2565,1314,EMB-553,ราบัต,7,0,0,0,0,0
31/5/2565,1315,EMB-554,ไนโรบี,39,0,0,0,1,0
31/5/2565,1316,EMB-555,มาปูโต,20,0,0,0,1,0
31/5/2565,1317,EMB-557,ดาการ์,1,0,0,0,0,4
31/5/2565,1318,EMB-558,อาบูจา,1,0,0,0,0,0
31/5/2565,1319,EMB-559,ลอนดอน,673,0,0,3,30,116
31/5/2565,1320,EMB-560,ปารีส,283,0,0,0,32,18
31/5/2565,1321,EMB-561,เบอร์ลิน,298,0,0,1,20,5
31/5/2565,1322,EMB-562,แฟรงก์เฟิร์ต,575,0,1,1,23,12
31/5/2565,1323,EMB-563,มิวนิก,408,0,2,0,24,0
31/5/2565,1324,EMB-564,เบิร์น,366,0,0,2,0,11
31/5/2565,1325,EMB-565,เฮก,212,0,0,0,0,15
31/5/2565,1326,EMB-566,โรม,194,0,1,1,2,5
31/5/2565,1327,EMB-567,บรัสเซลส์,221,0,1,0,9,11
31/5/2565,1328,EMB-568,เวียนนา,111,0,0,1,0,0
31/5/2565,1329,EMB-569,สตอกโฮล์ม,575,0,0,0,5,1
31/5/2565,1330,EMB-570,โคเปนเฮเกน,257,0,0,1,10,5
31/5/2565,1331,EMB-571,ออสโล,424,0,0,0,42,0
31/5/2565,1332,EMB-572,เฮลซิงกิ,411,0,0,1,0,4
31/5/2565,1333,EMB-573,มาดริด,51,0,0,0,3,0
31/5/2565,1334,EMB-574,ลิสบอน,24,0,0,0,0,0
31/5/2565,1335,EMB-575,บูดาเปสต์,35,0,0,0,1,0
31/5/2565,1336,EMB-576,บูคาเรสต์,11,0,1,0,2,0
31/5/2565,1337,EMB-577,วอร์ซอ,26,0,0,0,0,0
31/5/2565,1338,EMB-578,ปราก,32,0,0,0,0,0
31/5/2565,1339,EMB-579,เอเธนส์,9,0,0,0,2,1
31/5/2565,1340,EMB-580,อังการา,30,0,0,0,2,4
31/5/2565,1341,EMB-581,มอสโก,57,0,0,0,1,0
31/5/2565,1342,EMB-582,วอชิงตัน,327,0,0,4,3,27
31/5/2565,1343,EMB-583,นิวยอร์ก,480,0,0,8,0,13
31/5/2565,1344,EMB-584,ชิคาโก,300,0,0,1,4,3
31/5/2565,1345,EMB-585,ลอสแอนเจลิส,1312,0,0,13,24,57
31/5/2565,1346,EMB-586,ออตตาวา,112,0,0,0,5,0
31/5/2565,1347,EMB-587,แวนคูเวอร์,121,0,0,0,0,3
31/5/2565,1348,EMB-588,เม็กซิโก,2,0,0,0,0,0
31/5/2565,1349,EMB-590,ซันติอาโก,4,0,0,0,0,0
31/5/2565,1350,EMB-591,ลิมา,0,0,0,0,3,0
31/5/2565,1351,EMB-592,บัวโนสไอเรส,3,0,0,0,0,0
31/5/2565,1352,EMB-593,แคนเบอร์รา,140,0,0,1,14,1
31/5/2565,1353,EMB-594,ซิดนีย์,1149,0,0,0,0,93
31/5/2565,1354,EMB-595,เวลลิงตัน,205,0,0,1,0,9